--
-- PostgreSQL database cluster dump
--

SET default_transaction_read_only = off;

SET client_encoding = 'UTF8';
SET standard_conforming_strings = on;

--
-- Roles
--

CREATE ROLE postgres;
ALTER ROLE postgres WITH SUPERUSER INHERIT CREATEROLE CREATEDB LOGIN REPLICATION BYPASSRLS PASSWORD 'md532e12f215ba27cb750c9e093ce4b5127';






--
-- Databases
--

--
-- Database "template1" dump
--

\connect template1

--
-- PostgreSQL database dump
--

-- Dumped from database version 12.1
-- Dumped by pg_dump version 12.1

SET statement_timeout = 0;
SET lock_timeout = 0;
SET idle_in_transaction_session_timeout = 0;
SET client_encoding = 'UTF8';
SET standard_conforming_strings = on;
SELECT pg_catalog.set_config('search_path', '', false);
SET check_function_bodies = false;
SET xmloption = content;
SET client_min_messages = warning;
SET row_security = off;

--
-- PostgreSQL database dump complete
--

--
-- Database "lessons" dump
--

--
-- PostgreSQL database dump
--

-- Dumped from database version 12.1
-- Dumped by pg_dump version 12.1

SET statement_timeout = 0;
SET lock_timeout = 0;
SET idle_in_transaction_session_timeout = 0;
SET client_encoding = 'UTF8';
SET standard_conforming_strings = on;
SELECT pg_catalog.set_config('search_path', '', false);
SET check_function_bodies = false;
SET xmloption = content;
SET client_min_messages = warning;
SET row_security = off;

--
-- Name: lessons; Type: DATABASE; Schema: -; Owner: postgres
--

CREATE DATABASE lessons WITH TEMPLATE = template0 ENCODING = 'UTF8' LC_COLLATE = 'en_US.utf8' LC_CTYPE = 'en_US.utf8';


ALTER DATABASE lessons OWNER TO postgres;

\connect lessons

SET statement_timeout = 0;
SET lock_timeout = 0;
SET idle_in_transaction_session_timeout = 0;
SET client_encoding = 'UTF8';
SET standard_conforming_strings = on;
SELECT pg_catalog.set_config('search_path', '', false);
SET check_function_bodies = false;
SET xmloption = content;
SET client_min_messages = warning;
SET row_security = off;

SET default_tablespace = '';

SET default_table_access_method = heap;

--
-- Name: cleanliness; Type: TABLE; Schema: public; Owner: postgres
--

CREATE TABLE public.cleanliness (
    title character varying,
    description character varying,
    characteristic_0 character varying,
    img_0 character varying,
    characteristic_1 character varying,
    img_1 character varying,
    characteristic_2 character varying,
    img_2 character varying,
    ambiguous_0 character varying,
    ambiguous_1 character varying,
    ambiguous_2 character varying
);


ALTER TABLE public.cleanliness OWNER TO postgres;

--
-- Name: denture; Type: TABLE; Schema: public; Owner: postgres
--

CREATE TABLE public.denture (
    title character varying,
    description character varying,
    characteristic_0 character varying,
    img_0 character varying,
    characteristic_1 character varying,
    img_1 character varying,
    characteristic_2 character varying,
    img_2 character varying,
    ambiguous_0 character varying,
    ambiguous_1 character varying,
    ambiguous_2 character varying
);


ALTER TABLE public.denture OWNER TO postgres;

--
-- Name: gum; Type: TABLE; Schema: public; Owner: postgres
--

CREATE TABLE public.gum (
    title character varying,
    description character varying,
    characteristic_0 character varying,
    img_0 character varying,
    characteristic_1 character varying,
    img_1 character varying,
    characteristic_2 character varying,
    img_2 character varying,
    ambiguous_0 character varying,
    ambiguous_1 character varying,
    ambiguous_2 character varying
);


ALTER TABLE public.gum OWNER TO postgres;

--
-- Name: lip; Type: TABLE; Schema: public; Owner: postgres
--

CREATE TABLE public.lip (
    title character varying,
    description character varying,
    characteristic_0 character varying,
    img_0 character varying,
    characteristic_1 character varying,
    img_1 character varying,
    characteristic_2 character varying,
    img_2 character varying,
    ambiguous_0 character varying,
    ambiguous_1 character varying,
    ambiguous_2 character varying
);


ALTER TABLE public.lip OWNER TO postgres;

--
-- Name: pain; Type: TABLE; Schema: public; Owner: postgres
--

CREATE TABLE public.pain (
    title character varying,
    description character varying,
    characteristic_0 character varying,
    img_0 character varying,
    characteristic_1 character varying,
    img_1 character varying,
    characteristic_2 character varying,
    img_2 character varying,
    ambiguous_0 character varying,
    ambiguous_1 character varying,
    ambiguous_2 character varying
);


ALTER TABLE public.pain OWNER TO postgres;

--
-- Name: saliva; Type: TABLE; Schema: public; Owner: postgres
--

CREATE TABLE public.saliva (
    title character varying,
    description character varying,
    characteristic_0 character varying,
    img_0 character varying,
    characteristic_1 character varying,
    img_1 character varying,
    characteristic_2 character varying,
    img_2 character varying,
    ambiguous_0 character varying,
    ambiguous_1 character varying,
    ambiguous_2 character varying
);


ALTER TABLE public.saliva OWNER TO postgres;

--
-- Name: teeth; Type: TABLE; Schema: public; Owner: postgres
--

CREATE TABLE public.teeth (
    title character varying,
    description character varying,
    characteristic_0 character varying,
    img_0 character varying,
    characteristic_1 character varying,
    img_1 character varying,
    characteristic_2 character varying,
    img_2 character varying,
    ambiguous_0 character varying,
    ambiguous_1 character varying,
    ambiguous_2 character varying
);


ALTER TABLE public.teeth OWNER TO postgres;

--
-- Name: tongue; Type: TABLE; Schema: public; Owner: postgres
--

CREATE TABLE public.tongue (
    title character varying,
    description character varying,
    characteristic_0 character varying,
    img_0 character varying,
    characteristic_1 character varying,
    img_1 character varying,
    characteristic_2 character varying,
    img_2 character varying,
    ambiguous_0 character varying,
    ambiguous_1 character varying,
    ambiguous_2 character varying
);


ALTER TABLE public.tongue OWNER TO postgres;

--
-- Data for Name: cleanliness; Type: TABLE DATA; Schema: public; Owner: postgres
--

COPY public.cleanliness (title, description, characteristic_0, img_0, characteristic_1, img_1, characteristic_2, img_2, ambiguous_0, ambiguous_1, ambiguous_2) FROM stdin;
ความสะอาด	ความสะอาด สิ่งพื้นฐานที่มนุษย์ทุกคนมีเกณอยู่ในใจแล้ว หากเพียงมาตรฐานความสะอาดในช่ปากที่แท้จริงเป็นอย่างไร เราจะเรียนกันในบทนี้	สะอาด ไม่มีกลิ่นปาก, ไม่มีเศษอาหารหรือหินปูน	7_0_0.png, 7_0_1.png	มีกลิ่นปาก, มีคราบหินปูน 1-2 ตำแหน่ง	7_1_0.png, 7_1_1.png	มีกลิ่นปากรุนแรง, มีเศษอาหารหรือคราบหินปูนไปทั่วปาก	7_2_0.png, 7_2_1.png	\N	\N	ความสะอาดเราแยกได้โดยธรรมชาติอยู่แล้ว ควรจำไว้ว่า หินปูนที่เห็นได้ชัดและทั่วปากเป็นเรื่องฉุกเฉินแล้ว, 7_2_2.png
ความสะอาด	ความสะอาด สิ่งพื้นฐานที่มนุษย์ทุกคนมีเกณอยู่ในใจแล้ว หากเพียงมาตรฐานความสะอาดในช่ปากที่แท้จริงเป็นอย่างไร เราจะเรียนกันในบทนี้	สะอาด ไม่มีกลิ่นปาก, ไม่มีเศษอาหารหรือหินปูน	7_0_0.png, 7_0_1.png	มีกลิ่นปาก, มีคราบหินปูน 1-2 ตำแหน่ง	7_1_0.png, 7_1_1.png	มีกลิ่นปากรุนแรง, มีเศษอาหารหรือคราบหินปูนไปทั่วปาก	7_2_0.png, 7_2_1.png	\N	\N	ความสะอาดเราแยกได้โดยธรรมชาติอยู่แล้ว ควรจำไว้ว่า หินปูนที่เห็นได้ชัดและทั่วปากเป็นเรื่องฉุกเฉินแล้ว, 7_2_2.png
\.


--
-- Data for Name: denture; Type: TABLE DATA; Schema: public; Owner: postgres
--

COPY public.denture (title, description, characteristic_0, img_0, characteristic_1, img_1, characteristic_2, img_2, ambiguous_0, ambiguous_1, ambiguous_2) FROM stdin;
ฟันเทียม	ลักษณะการใช้งานและคุณภาพของฟันเทียมของแต่ละคนจะส่งผลต่อสุขภาพปากโดยตรง การประเมินการส่วมใส่ฟันเทียมจึงเป็นหนึ่งในเรื่องที่เราเหล่าผู้คัดกรองหน้าด่านต้องตระหนัก	ใส่ฟันเทียมชุดนี้ประจำ, ไม่มีส่วนแตกหัก ไม่ชำรุด	6_0_0.png, 6_0_1.png	ใส่ฟันเทียม 1 - 2 ชม./วัน, หลวมหรือมีส่วนแตกหัก 1 ตำแหน่ง	6_1_0.png, 6_1_1.png	ไม่ได้ใส่ฟันเทียมเลย, หลวมต้องใช้กาวยึด มีส่วนแตกหักมากกว่าหนึ่ง	6_2_0.png, 6_2_1.png	\N	\N	ทุกระดับจำแนกได้ง่ายๆ จาก 2 ปัจจัย คือ ความถี่ในการใช้งาน และส่วนที่ชำรุด, 6_1_2.png
ฟันเทียม	ลักษณะการใช้งานและคุณภาพของฟันเทียมของแต่ละคนจะส่งผลต่อสุขภาพปากโดยตรง การประเมินการส่วมใส่ฟันเทียมจึงเป็นหนึ่งในเรื่องที่เราเหล่าผู้คัดกรองหน้าด่านต้องตระหนัก	ใส่ฟันเทียมชุดนี้ประจำ, ไม่มีส่วนแตกหัก ไม่ชำรุด	6_0_0.png, 6_0_1.png	ใส่ฟันเทียม 1 - 2 ชม./วัน, หลวมหรือมีส่วนแตกหัก 1 ตำแหน่ง	6_1_0.png, 6_1_1.png	ไม่ได้ใส่ฟันเทียมเลย, หลวมต้องใช้กาวยึด มีส่วนแตกหักมากกว่า 1	6_2_0.png, 6_2_1.png	\N	\N	ทุกระดับจำแนกได้ง่ายๆ จาก 2 ปัจจัย คือ ความถี่ในการใช้งาน และส่วนที่ชำรุด, 6_1_2.png
\.


--
-- Data for Name: gum; Type: TABLE DATA; Schema: public; Owner: postgres
--

COPY public.gum (title, description, characteristic_0, img_0, characteristic_1, img_1, characteristic_2, img_2, ambiguous_0, ambiguous_1, ambiguous_2) FROM stdin;
เหงือก	เหงือกและเนื้อเยื่ออ่อนในช่องปาก มักไม่เป็นที่สังเกตแม้กระทั่งตัวบุคคลเอง แต่เราในฐานะผู้คัดกรองจะละเลยส่วนนี้ไปไม่ได้ ดังนั้นเราต้องเรียนรู้สุขภาพเหงือกทั้ง 3 ระดับให้เต็มที่	มีความชุ่มชื้น ผิวเรียบ, สีชมพู ไม่มีเลือดออก	3_0_0.png, 3_0_1.png	ผิวขรุขระ แห้ง เป็นเงา, สีแดงหรือกดเจ็บ 1 จุด	3_1_0.png, 3_1_1.png	บวม เป็นแผล มีเลือดออก, กดเจ็บมากกว่า 1 จุด	3_2_0.png, 3_2_1.png	\N	\N	\N
เหงือก	เหงือกและเนื้อเยื่ออ่อนในช่องปาก มักไม่เป็นที่สังเกตแม้กระทั่งตัวบุคคลเอง แต่เราในฐานะผู้คัดกรองจะละเลยส่วนนี้ไปไม่ได้ ดังนั้นเราต้องเรียนรู้สุขภาพเหงือกทั้ง 3 ระดับให้เต็มที่	มีความชุ่มชื้น ผิวเรียบ, สีชมพู ไม่มีเลือดออก	3_0_0.png, 3_0_1.png	ผิวขรุขระ แห้ง เป็นเงา, สีแดงหรือกดเจ็บ 1 จุด	3_1_0.png, 3_1_1.png	บวม เป็นแผล มีเลือดออก, กดเจ็บมากกว่า 1 จุด	3_2_0.png, 3_2_1.png	\N	\N	\N
\.


--
-- Data for Name: lip; Type: TABLE DATA; Schema: public; Owner: postgres
--

COPY public.lip (title, description, characteristic_0, img_0, characteristic_1, img_1, characteristic_2, img_2, ambiguous_0, ambiguous_1, ambiguous_2) FROM stdin;
ริมฝีปาก	ริมฝีปาก เป็นสิ่งที่เราสามารถสังเกตจากตัวบุคคลได้โดยไม่ต้องเข้าไปใกล้ๆ เลยด้วยซ้ำ แล้วหากเราได้มีโอกาสสังเกต เราจะแยกสุขภาพริมฝีปากได้อย่างไร ได้ทำความเข้าใจเรื่องนี้กัน	มีความชุ่มชื้น ผิวเรียบ, มีสีชมพู	1_0_0.png, 1_0_1.png	แห้งหรือแตก, มีสีแดงที่มุมปาก	1_1_0.png, 1_1_1.png	บวม มีรอยสีขาวหรือสีแดง, มีก้อนเนื้อ แผลเลือดออก	1_2_0.png, 1_2_1.png	\N	\N	\N
ริมฝีปาก	ริมฝีปาก เป็นสิ่งที่เราสามารถสังเกตจากตัวบุคคลได้โดยไม่ต้องเข้าไปใกล้ๆ เลยด้วยซ้ำ แล้วหากเราได้มีโอกาสสังเกต เราจะแยกสุขภาพริมฝีปากได้อย่างไร ได้ทำความเข้าใจเรื่องนี้กัน	มีความชุ่มชื้น ผิวเรียบ, สีชมพู	1_0_0.png, 1_0_1.png	แห้งหรือแตก, มีสีแดงที่มุมปาก	1_1_0.png, 1_1_1.png	บวม มีรอยสีขาวหรือสีแดง, มีก้อนเนื้อ แผลเลือดออก	1_2_0.png, 1_2_1.png	\N	\N	\N
\.


--
-- Data for Name: pain; Type: TABLE DATA; Schema: public; Owner: postgres
--

COPY public.pain (title, description, characteristic_0, img_0, characteristic_1, img_1, characteristic_2, img_2, ambiguous_0, ambiguous_1, ambiguous_2) FROM stdin;
ความเจ็บปวด	ความเจ็บปวด ไม่ใช่เพียงการซักถามเท่านั้น แต่มันสามารถแสดงออกมาในรูปแบบของพฤติกรรมด้วยเช่นกัน ซึ่งส่วนนี้เองที่เราสังเกตุได้และจะได้เรียนนบทนี้	ไม่บ่นว่าเจ็บ, ไม่มีพฤติกรรมที่บอกว่าเจ็บ	8_0_0.png, 8_0_1.png	บ่นว่าเจ็บ, กัดริมฝีปาก ไม่ยอมทานข้าว	8_1_0.png, 8_1_1.png	บ่นว่าเจ็บ, มีอาการชัดว่าเจ็บจากตรงไหน	8_2_0.png, 8_2_1.png	\N	\N	\N
ความเจ็บปวด	ความเจ็บปวด ไม่ใช่เพียงการซักถามเท่านั้น แต่มันสามารถแสดงออกมาในรูปแบบของพฤติกรรมด้วยเช่นกัน ซึ่งส่วนนี้เองที่เราสังเกตุได้และจะได้เรียนนบทนี้	ไม่บ่นว่าเจ็บ, ไม่มีพฤติกรรมที่บอกว่าเจ็บ	8_0_0.png, 8_0_1.png	บ่นว่าเจ็บ, กัดริมฝีปาก ไม่ยอมทานข้าว	8_1_0.png, 8_1_1.png	บ่นว่าเจ็บ, มีอาการชัดว่าเจ็บจากตรงไหน	8_2_0.png, 8_2_1.png	\N	\N	\N
\.


--
-- Data for Name: saliva; Type: TABLE DATA; Schema: public; Owner: postgres
--

COPY public.saliva (title, description, characteristic_0, img_0, characteristic_1, img_1, characteristic_2, img_2, ambiguous_0, ambiguous_1, ambiguous_2) FROM stdin;
น้ำลาย	สิ่งสำคัญในช่องปากที่ไม่นับรวมเป็นอวัยวะ มีปัจจัยแวดล้อมภายมากมายต่อความข้นหนืด หากแต่เมื่อตัดปัจจัยภายนอกไปแล้ว ความข้นก็เป็นเรื่องที่ต้องระวัง แล้วจะสังเกตุความข้นนี้ได้อย่างไร	เนื้อเยื่ออ่อนชุ่มชื้น, น้ำลายไม่ข้น ไหลลื่น	4_0_0.png, 4_0_1.png	เนื้อเยื่ออ่อนแห้ง, น้ำลายเหนียว น้อย	4_1_0.png, 4_1_1.png	เนื้อเยื่ออ่อนแห้งและแดง, น้ำลายข้นมาก แทบไม่มีน้ำลาย	4_2_0.png, 4_2_1.png	\N	ผู้ป่วยรู้สึกปากแห้ง เมื่อถาม เป็นอาการที่ผู้ป่วยรู้สึกแต่ไม่ได้พูดออกมาเอง ลองให้ทานน้ำแล้วถามซ้ำอีกครั้ง, 4_1_2.png	ผู้ป่วยบ่นออกมาเองว่าปากแห้ง โดยไม่ได้ถาม, 4_2_2.png
น้ำลาย	สิ่งสำคัญในช่องปากที่ไม่นับรวมเป็นอวัยวะ มีปัจจัยแวดล้อมภายมากมายต่อความข้นหนืด หากแต่เมื่อตัดปัจจัยภายนอกไปแล้ว ความข้นก็เป็นเรื่องที่ต้องระวัง แล้วจะสังเกตุความข้นนี้ได้อย่างไร	เนื้อเยื่ออ่อนชุ่มชื้น, น้ำลายไม่ข้น ไหลลื่น	4_0_0.png, 4_0_1.png	เนื้อเยื่ออ่อนแห้ง, น้ำลายเหนียว น้อย	4_1_0.png, 4_1_1.png	เนื้อเยื่ออ่อนแห้งและแดง, น้ำลายข้นมาก แทบไม่มีน้ำลาย	4_2_0.png, 4_2_1.png	\N	ผู้ป่วยรู้สึกปากแห้ง เมื่อถาม เป็นอาการที่ผู้ป่วยรู้สึกแต่ไม่ได้พูดออกมาเอง ลองให้ทานน้ำแล้วถามซ้ำอีกครั้ง, 4_1_2.png	ผู้ป่วยบ่นออกมาเองว่าปากแห้ง โดยไม่ได้ถาม, 4_2_2.png
\.


--
-- Data for Name: teeth; Type: TABLE DATA; Schema: public; Owner: postgres
--

COPY public.teeth (title, description, characteristic_0, img_0, characteristic_1, img_1, characteristic_2, img_2, ambiguous_0, ambiguous_1, ambiguous_2) FROM stdin;
ฟันธรรมชาติ	เราเกิดมาพร้อมกับฟันแท้ประมาณ 32 ซี่ แต่ก็มีแตก หัก ผุ ไปตามกาลเวลาและการดูแลบ้าง แล้วต้องผุไปแค่ไหนถึงจะควรเริ่มกังวล หรือต้องเริ่มไปหาหมอแล้ว มาหาคำตอบกันในบทนี้	ไม่มีฟันผุหรือแตก, ไม่มีเศษรากฟัน	5_0_0.png, 5_0_1.png	ตัวฟันสึกมาก, มีฟันผุแตก 1-3 ซี่	5_1_0.png, 5_1_1.png	ตัวฟันสึกมาก, มีฟันผุแตก 4 ซี่ขึ้นไป	5_2_0.png, 5_2_1.png	\N	\N	ระดับที่ 1 และ 2 ต่างกันที่จำนวนฟันที่สึกเท่านั้น สึกมากกว่า 3 ถือว่าต้องหาหมอด่วนแล้ว, 5_2_2.png
ฟันธรรมชาติ	เราเกิดมาพร้อมกับฟันแท้ประมาณ 32 ซี่ แต่ก็มีแตก หัก ผุ ไปตามกาลเวลาและการดูแลบ้าง แล้วต้องผุไปแค่ไหนถึงจะควรเริ่มกังวล หรือต้องเริ่มไปหาหมอแล้ว มาหาคำตอบกันในบทนี้	ไม่มีฟันผุหรือแตก, ไม่มีเศษรากฟัน	5_0_0.png, 5_0_1.png	ตัวฟันสึกมาก, มีฟันผุแตก 1-3 ซี่	5_1_0.png, 5_1_1.png	ตัวฟันสึกมาก, มีฟันผุแตก 4 ซี่ขึ้นไป	5_2_0.png, 5_2_1.png	\N	\N	ระดับที่ 1 และ 2 ต่างกันที่จำนวนฟันที่สึกเท่านั้น สึกมากกว่า 3 ถือว่าต้องหาหมอด่วนแล้ว, 5_2_2.png
\.


--
-- Data for Name: tongue; Type: TABLE DATA; Schema: public; Owner: postgres
--

COPY public.tongue (title, description, characteristic_0, img_0, characteristic_1, img_1, characteristic_2, img_2, ambiguous_0, ambiguous_1, ambiguous_2) FROM stdin;
ลิ้น	ลักษณะของลิ้นสุขภาพดีเป็นอย่างไร ลักษณะของเส้นเลือดขอดใต้ลิ้นที่เราจะต้องประเมินด้วยความระมัดระวังเป็นอย่างไร แล้วทำไมต้องระวังในจุดนี้ หาคำตอบจากบทเรียนกันเลย	มีความชุ่มชื้น ผิวหยาบ, มีสีชมพู	1_0_0.png, 1_0_1.png	แห้งหรือแตก, มีสีแดงที่มุมปาก	1_1_0.png, 1_1_1.png	บวม มีรอยสีขาวหรือสีแดง, มีก้อนเนื้อ แผลเลือดออก	1_2_0.png, 1_2_1.png	สังเกตเส้นเลือดขอดใต้ลิ้นในรูปให้ดีๆ แบบนี้ยังจัดอยู่ในเกณฑ์ปกติ, 2_0_3.png	\N	\N
ลิ้น	ลักษณะของลิ้นสุขภาพดีเป็นอย่างไร ลักษณะของเส้นเลือดขอดใต้ลิ้นที่เราจะต้องประเมินด้วยความระมัดระวังเป็นอย่างไร แล้วทำไมต้องระวังในจุดนี้ หาคำตอบจากบทเรียนกันเลย	มีความชุ่มชื้น ผิวหยาบ, สีชมพู	2_0_0.png, 2_0_1.png	ลิ้นเรียบ มีคราบขาว, มีร่องหรือรอยแตกบนลิ้น	2_1_0.png, 2_1_1.png	มีรอยสีขาวหรือสีแดง, เป็นแผลบวม	2_2_0.png, 2_2_1.png	สังเกตเส้นเลือดขอดใต้ลิ้นในรูปให้ดีๆ แบบนี้ยังจัดอยู่ในเกณฑ์ปกติ, 2_0_3.png	\N	\N
\.


--
-- PostgreSQL database dump complete
--

--
-- Database "postgres" dump
--

\connect postgres

--
-- PostgreSQL database dump
--

-- Dumped from database version 12.1
-- Dumped by pg_dump version 12.1

SET statement_timeout = 0;
SET lock_timeout = 0;
SET idle_in_transaction_session_timeout = 0;
SET client_encoding = 'UTF8';
SET standard_conforming_strings = on;
SELECT pg_catalog.set_config('search_path', '', false);
SET check_function_bodies = false;
SET xmloption = content;
SET client_min_messages = warning;
SET row_security = off;

--
-- PostgreSQL database dump complete
--

--
-- Database "vhv" dump
--

--
-- PostgreSQL database dump
--

-- Dumped from database version 12.1
-- Dumped by pg_dump version 12.1

SET statement_timeout = 0;
SET lock_timeout = 0;
SET idle_in_transaction_session_timeout = 0;
SET client_encoding = 'UTF8';
SET standard_conforming_strings = on;
SELECT pg_catalog.set_config('search_path', '', false);
SET check_function_bodies = false;
SET xmloption = content;
SET client_min_messages = warning;
SET row_security = off;

--
-- Name: vhv; Type: DATABASE; Schema: -; Owner: postgres
--

CREATE DATABASE vhv WITH TEMPLATE = template0 ENCODING = 'UTF8' LC_COLLATE = 'en_US.utf8' LC_CTYPE = 'en_US.utf8';


ALTER DATABASE vhv OWNER TO postgres;

\connect vhv

SET statement_timeout = 0;
SET lock_timeout = 0;
SET idle_in_transaction_session_timeout = 0;
SET client_encoding = 'UTF8';
SET standard_conforming_strings = on;
SELECT pg_catalog.set_config('search_path', '', false);
SET check_function_bodies = false;
SET xmloption = content;
SET client_min_messages = warning;
SET row_security = off;

SET default_tablespace = '';

SET default_table_access_method = heap;

--
-- Name: auth_users; Type: TABLE; Schema: public; Owner: postgres
--

CREATE TABLE public.auth_users (
    id integer NOT NULL,
    firstname character varying(50),
    lastname character varying(50),
    gender character varying(10),
    phone character varying(20),
    username character varying,
    password character varying,
    career character varying
);


ALTER TABLE public.auth_users OWNER TO postgres;

--
-- Name: auth_users_id_seq; Type: SEQUENCE; Schema: public; Owner: postgres
--

CREATE SEQUENCE public.auth_users_id_seq
    AS integer
    START WITH 1
    INCREMENT BY 1
    NO MINVALUE
    NO MAXVALUE
    CACHE 1;


ALTER TABLE public.auth_users_id_seq OWNER TO postgres;

--
-- Name: auth_users_id_seq; Type: SEQUENCE OWNED BY; Schema: public; Owner: postgres
--

ALTER SEQUENCE public.auth_users_id_seq OWNED BY public.auth_users.id;


--
-- Name: auth_users_user_id_seq; Type: SEQUENCE; Schema: public; Owner: postgres
--

CREATE SEQUENCE public.auth_users_user_id_seq
    AS integer
    START WITH 1
    INCREMENT BY 1
    NO MINVALUE
    NO MAXVALUE
    CACHE 1;


ALTER TABLE public.auth_users_user_id_seq OWNER TO postgres;

--
-- Name: auth_users_user_id_seq; Type: SEQUENCE OWNED BY; Schema: public; Owner: postgres
--

ALTER SEQUENCE public.auth_users_user_id_seq OWNED BY public.auth_users.id;


--
-- Name: patient; Type: TABLE; Schema: public; Owner: postgres
--

CREATE TABLE public.patient (
    user_id integer,
    patient_id integer NOT NULL,
    firstname character varying,
    lastname character varying,
    gender character varying,
    birth date,
    allow_pic boolean,
    create_at timestamp without time zone
);


ALTER TABLE public.patient OWNER TO postgres;

--
-- Name: patient_patient_id_seq; Type: SEQUENCE; Schema: public; Owner: postgres
--

CREATE SEQUENCE public.patient_patient_id_seq
    AS integer
    START WITH 1
    INCREMENT BY 1
    NO MINVALUE
    NO MAXVALUE
    CACHE 1;


ALTER TABLE public.patient_patient_id_seq OWNER TO postgres;

--
-- Name: patient_patient_id_seq; Type: SEQUENCE OWNED BY; Schema: public; Owner: postgres
--

ALTER SEQUENCE public.patient_patient_id_seq OWNED BY public.patient.patient_id;


--
-- Name: user_exp_history; Type: TABLE; Schema: public; Owner: postgres
--

CREATE TABLE public.user_exp_history (
    user_id integer,
    exam_exp character varying,
    date timestamp without time zone,
    level character varying
);


ALTER TABLE public.user_exp_history OWNER TO postgres;

--
-- Name: user_lists; Type: TABLE; Schema: public; Owner: postgres
--

CREATE TABLE public.user_lists (
    id integer NOT NULL,
    firstname character varying(50),
    lastname character varying(50),
    gender character varying(10)
);


ALTER TABLE public.user_lists OWNER TO postgres;

--
-- Name: user_lists_id_seq; Type: SEQUENCE; Schema: public; Owner: postgres
--

CREATE SEQUENCE public.user_lists_id_seq
    AS integer
    START WITH 1
    INCREMENT BY 1
    NO MINVALUE
    NO MAXVALUE
    CACHE 1;


ALTER TABLE public.user_lists_id_seq OWNER TO postgres;

--
-- Name: user_lists_id_seq; Type: SEQUENCE OWNED BY; Schema: public; Owner: postgres
--

ALTER SEQUENCE public.user_lists_id_seq OWNED BY public.user_lists.id;


--
-- Name: user_lists_user_id_seq; Type: SEQUENCE; Schema: public; Owner: postgres
--

CREATE SEQUENCE public.user_lists_user_id_seq
    AS integer
    START WITH 1
    INCREMENT BY 1
    NO MINVALUE
    NO MAXVALUE
    CACHE 1;


ALTER TABLE public.user_lists_user_id_seq OWNER TO postgres;

--
-- Name: user_lists_user_id_seq; Type: SEQUENCE OWNED BY; Schema: public; Owner: postgres
--

ALTER SEQUENCE public.user_lists_user_id_seq OWNED BY public.user_lists.id;


--
-- Name: user_progression; Type: TABLE; Schema: public; Owner: postgres
--

CREATE TABLE public.user_progression (
    user_id integer NOT NULL,
    less_1_prog integer,
    less_2_prog integer,
    less_3_prog integer,
    less_4_prog integer,
    less_5_prog integer,
    less_6_prog integer,
    less_7_prog integer,
    less_8_prog integer,
    case_1_num integer,
    case_2_num integer,
    case_3_num integer,
    case_4_num integer,
    case_5_num integer,
    case_6_num integer,
    case_7_num integer,
    case_8_num integer,
    user_exp numeric,
    user_level character varying,
    exam1_prog integer,
    exam2_prog integer,
    exam3_prog integer
);


ALTER TABLE public.user_progression OWNER TO postgres;

--
-- Name: auth_users id; Type: DEFAULT; Schema: public; Owner: postgres
--

ALTER TABLE ONLY public.auth_users ALTER COLUMN id SET DEFAULT nextval('public.auth_users_id_seq'::regclass);


--
-- Name: patient patient_id; Type: DEFAULT; Schema: public; Owner: postgres
--

ALTER TABLE ONLY public.patient ALTER COLUMN patient_id SET DEFAULT nextval('public.patient_patient_id_seq'::regclass);


--
-- Name: user_lists id; Type: DEFAULT; Schema: public; Owner: postgres
--

ALTER TABLE ONLY public.user_lists ALTER COLUMN id SET DEFAULT nextval('public.user_lists_id_seq'::regclass);


--
-- Data for Name: auth_users; Type: TABLE DATA; Schema: public; Owner: postgres
--

COPY public.auth_users (id, firstname, lastname, gender, phone, username, password, career) FROM stdin;
1	กานต์กวิน	ประไพศิลป์	male	971260481	max	1150	volunteer
2	test	test	male	1111	test	1111	volunteer
\.


--
-- Data for Name: patient; Type: TABLE DATA; Schema: public; Owner: postgres
--

COPY public.patient (user_id, patient_id, firstname, lastname, gender, birth, allow_pic, create_at) FROM stdin;
1	1	a	a	female	2555-01-03	t	2020-06-03 08:29:54.988687
2	2	t	t	female	2563-04-03	t	2020-06-03 09:19:09.785685
2	3	นายก	กกกกก	male	2540-01-03	t	2020-06-03 09:20:36.057368
2	4	นายก	กกกกก	male	2540-01-03	t	2020-06-03 09:20:54.073423
\.


--
-- Data for Name: user_exp_history; Type: TABLE DATA; Schema: public; Owner: postgres
--

COPY public.user_exp_history (user_id, exam_exp, date, level) FROM stdin;
1	3.33	2020-06-03 08:28:28.872509	ง่าย
1	0	2020-06-03 08:29:15.267831	ปานกลาง
1	12.5	2020-06-03 08:29:29.717779	ยาก
1	0.83	2020-06-03 09:03:34.804646	ง่าย
1	2.5	2020-06-03 09:05:08.258477	ง่าย
1	5.83	2020-06-03 09:08:28.560908	ปานกลาง
1	7.5	2020-06-03 09:09:51.644677	ปานกลาง
1	4.17	2020-06-03 09:11:30.934212	ยาก
2	3.33	2020-06-03 09:12:50.799553	ง่าย
2	7.5	2020-06-03 09:14:50.494172	ปานกลาง
\.


--
-- Data for Name: user_lists; Type: TABLE DATA; Schema: public; Owner: postgres
--

COPY public.user_lists (id, firstname, lastname, gender) FROM stdin;
1	พันธุ์รุ่ง	สุขคู	หญิง
2	ปนัดดา	รัตนะดำรงอนันต์	หญิง
3	อุบล	ตั้งชู	หญิง
4	เบญจมาศ	จึงประเสริฐ	หญิง
5	วนิดา	สุริยะวรรณากูล	หญิง
6	ศิรินัน	สรวลสันต์	หญิง
7	วิไล	ถาวรประเสริฐ	หญิง
8	ปฐมพร	สู่สวัสดิ์	ชาย
9	มณเฑียร	เพ็งสุข	ชาย
10	พรมทอง	เพ็งสุข	ชาย
11	สมชาย	เอี่ยมประเสริฐ	ชาย
12	สมใจ	ลิขิตอำนวยชัย	หญิง
13	พรนภา	ทรัพย์เกรียงไกร	หญิง
14	บุญรอด	วรศาสตร์	หญิง
15	ระวรรณ	แซ่เล็ก	หญิง
16	จรัส	สกุลแต้	ชาย
17	จำลอง	เสือเดช	หญิง
18	เกษร	บุญมานิตย์	หญิง
19	นิสา	ชาติพุก	หญิง
20	ธนัญญา	เทียมผล	หญิง
21	พงศ์พสิฐ	ธนสินโกมล	ชาย
22	วันเพ็ญ	จันทร์ประสิทธิ์	หญิง
23	สุมาลี	บำรุงเขต	หญิง
24	ณิชาวดี	จำเริญรักษ์	หญิง
25	พรรณี	วชิรประดิษฐพร	หญิง
26	วิชุพร	โชติกพนิช	หญิง
27	พัชรินทร์	ทรัพย์ศิริ	หญิง
28	สมนึก	ฟักชาวกรุง	ชาย
29	อารี	จันทร์ยงค์	หญิง
30	สุขุมาลย์	คุปติธรรม	หญิง
31	วรรณา	ม่วยอารีย์	หญิง
32	สุดารัตน์	สุขนันท์	หญิง
33	หุน	กรสกุล	หญิง
34	วนิดา	แก้วทับทิม	หญิง
35	เสน่ห์	สกุลเนียม	ชาย
36	นิภา	พานะกิจ	หญิง
37	ประไพ	ศิริธรรม	หญิง
38	รมิตา	สุรพันธ์	หญิง
39	บุญสม	สีตุ่น	หญิง
40	สุเทพ	พรหมเนียม	ชาย
41	มลวดี	ฝั่งสินธุ์	หญิง
42	วนิดา	พรหมเนียม	หญิง
43	บุญยงค์	ฤทธิชัย	หญิง
44	สมทรง	นฤมลสิริ	ชาย
45	สุมา	ยังสำราญ	หญิง
46	ไพเราะ	แสงสว่าง	หญิง
47	วัชระ	สกุลเนียม	ชาย
48	ลำใย	แสงพงษ์	หญิง
49	ศราวรรณ	โหงวสกุล	หญิง
50	ธีรฉัตร์	ไทยเจริญ	ชาย
51	ณฐมณฑ์	ไทยเจริญ	หญิง
52	สุจิตรา	นครพัฒน์	หญิง
53	กาญจนา	รอดสัตรู	หญิง
54	เทียนชัย	วัฒนธร	ชาย
55	ธนา	วัฒนธร	ชาย
56	สะอาด	ช่างสุวรรณ	หญิง
57	วันชัย	เหรียญทอง	ชาย
58	ประเทือง	สงสร้อย	ชาย
59	ทิพวรรณ	สงสร้อย	หญิง
60	วิไล	ถาวรการ	หญิง
61	วรเศรษฐ์	พีรบูลตรีสิน	-
62	เพ็ญมณี	วรรณยิ่ง	หญิง
63	ปราณี	เบญจภุมริน	หญิง
64	วาสนา	แก้วเอก	หญิง
65	สำรวย	พันธ์หริ่ง	หญิง
66	สมศรี	ชูใจ	หญิง
67	ศิริขวัญ	แก้วเอก	หญิง
68	สนิท	แสงสุขประเสริฐ	หญิง
69	วินัย	สุขนันท์	ชาย
70	บัวจง	ฤทธิชัย	หญิง
71	วาสนา	มากสัมพันธ์	หญิง
72	สมัย	ช่วยสมบูรณ์	ชาย
73	จรรยา	สังข์สัมฤทธิ์	หญิง
74	ศรีสุรางค์	เจริญพรธรรมา	หญิง
75	ศุภมาศ	จันแดง	หญิง
76	สอาด	เพิ่มโต	ชาย
77	นิตยา	คงศรี	หญิง
78	สำรวย	มาลัยมาลย์	หญิง
79	เยาวภา	สุขเสวตร์	หญิง
80	ประคองศรี	ปัญธนาหาญ	หญิง
81	สาคร	สมบูรณ์	หญิง
82	สายหยุด	อำไพวรรณ	หญิง
83	ปภาภัทร	สุวรรณสิทธิ์	หญิง
84	ชไมพร	บรรเทาทุกข์	หญิง
85	สัมฤทธิ์	เทียนเถาวัลย์	ชาย
86	บุญญานี	เบญจภุมริน	หญิง
87	จริยาภรณ์	โชติชัยวงศ์	หญิง
88	บุบผา	เจริญยัง	หญิง
89	อรวรรณ	แซ่ฮ้อ	หญิง
90	รัชณี	สิงห์โตทอง	หญิง
91	ณัฐศรัณย์	แสงจันทร์	หญิง
92	สุภาภรณ์	เสือสมิง	หญิง
93	นฤมล	วัฒนประดิษฐ์	หญิง
94	ทวี	ผลเอนก	หญิง
95	สุชาดา	จันทร์นาค	หญิง
96	เรณู	สุขประสิทธิ์	หญิง
97	กาญจนาณัฐ	ตันฮวด	หญิง
98	สุภาภรณ์	พลหาญ	หญิง
99	อมรรัตน์	แสงเดือน	หญิง
100	สงวนวงศ์	ช่างสุวรรณ	หญิง
101	ราชภักดี	สังข์สัมฤทธิ์	ชาย
102	ปรียา	สิงหาเจริญ	หญิง
103	จิตรา	ศรีอร่าม	หญิง
104	ลัดดา	หมอยา	หญิง
105	วิริยะ	วิริยะธรรม	ชาย
106	จำลอง	กลัดประเสริฐ	หญิง
107	กาญจนา	มิ่งสกุล	หญิง
108	ประภาวดี	ประชาฤทธิ์ภักดี	หญิง
109	บรรจง	ไทยานนท์	หญิง
110	อุไร	แก่นแก้ว	หญิง
111	วลัยพร	วจนะคุณากร	หญิง
112	สมพงษ์	ไทยกิมฮ้อ	ชาย
113	เต็มสิริ	อยู่สวัสดิ์	หญิง
114	อัจฉราภรณ์	ตั้งวิชิตฤกษ์	หญิง
115	นิยม	สิงหาเจริญ	ชาย
116	บุญภา	สกุลเรืองอนันต์	หญิง
117	วัลลภา	ตั้งวิชิตฤกษ์	หญิง
118	ประยงค์	วอทอง	หญิง
119	ดาวใจ	โสภาพันธ์	หญิง
120	สำเนียง	กวีจารุมงคล	หญิง
121	สุดใจ	กวีจารุมงคล	ชาย
122	นิตยา	รอดพิทักษ์	หญิง
123	สาธิต	กลิ่นหอม	หญิง
124	ทัศนีย์	ทองเสงี่ยม	หญิง
125	พินิจ	สีน้ำเงิน	ชาย
126	สุมาลี	ปานแปลก	หญิง
127	สุรีย์	สุริยะสุข	หญิง
128	ศิริมุกด์	ตู้จินดา	หญิง
129	ทวีศักดิ์	โฉมทัพ	ชาย
130	นัยน์ปพร	ถาวรการอนันต์	หญิง
131	ภานุวัชร	สื่อสุวรรณ	ชาย
132	นรัตน์ภณ	ลิ้มชื่นพิทยากร	ชาย
133	รสริน	สายกิจ	หญิง
134	อรชพร	ติลาลัย	หญิง
135	เมธาพร	สกุลตัน	หญิง
136	ปราณี	พันธ์หริ่ง	หญิง
137	พรทิพย์	วงษ์แม่น้อย	หญิง
138	ธาพิดา	ศิริสาคร	หญิง
139	วิไลลักษณ์	เจียมสกุล	หญิง
140	เปรม	พวงแก้ว	หญิง
141	มนู	ไกรสถิตย์	ชาย
142	รินนภา	โพธิ์ทองสุข	หญิง
143	รวีวรรณ	สว่างจิตต์	หญิง
144	อุไร	สุคนธมาน	หญิง
145	ประพจน์	อิสระภักดีธรรม	ชาย
146	ธัญพร	ธรรมสาทร	หญิง
147	จิดาภา	ทองนิมิตร	หญิง
148	วีรยา	อยู่สวัสดิ์	หญิง
149	บุปผาพรรณ	ศรีสุจริตกุล	หญิง
150	ณัฐธยา	ลี้วลัญชน์	หญิง
151	วิบูลย์	เจริญยัง	ชาย
152	นฤมล	เร้าเลิศฤทธิ์	หญิง
153	สมพิศ	เกตุแก้ว	หญิง
154	วันทนา	เวศพันธ์	หญิง
155	พรรณี	ขุมทรัพย์	หญิง
156	รมิดา	นฤมลสิริ	หญิง
157	รำไพ	กิตติจีรวัฒน์	หญิง
158	พเยาว์	น้อยประเสริฐ	หญิง
159	ไพฑูรย์	ช้างใหญ่	ชาย
160	วไล	ช้างใหญ่	หญิง
161	ประดิษฐ์	เนตรสว่าง	ชาย
162	วรรณา	นาคนาคะ	หญิง
163	อนงค์	ศรีโหร	หญิง
164	วรรณวิไล	นารานิทัศน์	หญิง
165	ชิวกิ้ม	นนทะริ	หญิง
166	สมบูรณ์	เจียมเจริญชัย	หญิง
167	สมคิด	โสดา	หญิง
168	ทัศนีย์	เปี่ยมทอง	หญิง
169	มณี	สุวรรณรอด	หญิง
170	สุนัน	พยนต์ศิริ	หญิง
171	จรรยา	สุวรรณอาศน์	หญิง
172	อนุรัตน์	อิ่มเกียรติ	หญิง
173	จินดา	ตันติวิภาวิน	หญิง
174	กาญจนา	เนตรสว่าง	หญิง
175	ปัทมา	จุ้ยรักษา	หญิง
176	จารุณี	พันธ์เจริญ	หญิง
177	พุธิตา	ใจบุญเจริญพร	หญิง
178	อรทัย	น้อยลมทวน	หญิง
179	จวง	สำลี	หญิง
180	ฐนิตา	พวงมณี	หญิง
181	โสภณ	เนียมพิบูลย์	ชาย
182	วิเชียร	จันทร์พึ่งสุข	หญิง
183	ชาญ	กล้ายประยงค์	ชาย
184	สุดใจ	เจริญศักดิ์	หญิง
185	อุทัยวรรณ	ชูช่วย	หญิง
186	รุ่งทิพย์	ศรเดช	หญิง
187	นิตยา	เนียมพิบูลย์	หญิง
188	อุบล	เกิดจำรูญ	หญิง
189	สมหมาย	ศรีแจ่ม	หญิง
190	กลอยใจ	กรสวัสดิ์	หญิง
191	วิฑูรย์	เนียมพิบูลย์	ชาย
192	พะเยาว์	กลั่นเกลี้ยง	หญิง
193	ไพโรจน์	ฉิมพาลี	ชาย
194	พิษณุ	ยังมาก	ชาย
195	ปวีณา	บัวแดง	หญิง
196	นริศรา	คเชนทรกำแหง	หญิง
197	พรทิพย์	เทียนเงิน	หญิง
198	จำเรียง	แสงสุวรรณ	หญิง
199	วิระ	พ่วงศิริ	ชาย
200	พยอม	บุญท้วม	หญิง
201	เสาวลักษณ์	บุญท้วม	หญิง
202	สมบูรณ์	นิ่มนาค	หญิง
203	ประสงค์	ยินดีประเสริฐ	ชาย
204	ประเทือง	เศรษฐวัฒน์	หญิง
205	ภาณี	อันทอง	หญิง
206	สุรินทร์	บุญรอด	หญิง
207	วรรณา	พูลผล	หญิง
208	ปวีณา	ปลื้มจิตต์	หญิง
209	ทัศนา	น้อยสกุล	หญิง
210	อัมพร	น้อยเคียง	หญิง
211	นุชจรินทร์	ลำดวน	หญิง
212	เฉลิมไชย	สำลี	ชาย
213	สาลี่	น่วมสวัสดิ์	หญิง
214	สุนี	สำลี	หญิง
215	สารภี	น่วมสวัสดิ์	หญิง
216	มนัส	สบายใจ	ชาย
217	มาลี	นาควิมล	หญิง
218	สุรินทร์	แก้วมณี	หญิง
219	บุญเกื้อ	เจริญจวง	หญิง
220	ลักขณา	นาคศิธร	หญิง
221	สุมนา	สำราญรื่น	หญิง
222	อัมพร	อ่อนวงค์	หญิง
223	ณภัทรกัญ	ศิริศรี	หญิง
224	กาญจาณี	จิตตรง	หญิง
225	กอบกุล	ศรเดช	หญิง
226	วรรณา	ศรเดช	หญิง
227	ฉวีวรรณ	เปี่ยมอยู่	หญิง
228	สารภี	นุตวัน	หญิง
229	นงเยาว์	ศรีล้น	หญิง
230	ละมัย	พุ่มเทียน	หญิง
231	วิทยา	มีหิรัญ	ชาย
232	เดือน	มีหิรัญ	หญิง
233	ประทีป	พราหมฤทธิ	หญิง
234	อารยา	ศรเดช	หญิง
235	อารีย์	ทองอำไพ	หญิง
236	สำรวย	คนอยู่	ชาย
237	เรวดี	อุทาพงศ์	หญิง
238	วันเพ็ญ	มุณี	หญิง
239	สุพรรณี	แย้มศรี	หญิง
240	พัชรี	โพธินิล	หญิง
241	สมนึก	พุ่มสุข	ชาย
242	อัจฉราพร	สุทธิพันธุ์	หญิง
243	จุฑา	ทองแท้	หญิง
244	พลอย	ตุ้มสี	หญิง
245	สมคิด	บุญราศรี	หญิง
246	ปัฐมาพร	เมินวัฒนะ	หญิง
247	สายสุนีย์	สงวนสิงห์	หญิง
248	ใหม่	ป้านสกุล	หญิง
249	สุปราณี	ศิริโชติ	หญิง
250	นิธิพงศ์	สมภูมิ	ชาย
251	กลอยใจ	เจริญธรรม	หญิง
252	ชูชาติ	มณีนิล	ชาย
253	อรวรรณ	โพธิ์ไพจิตร	หญิง
254	โชคชัย	เที่ยงตรง	ชาย
255	สมบูรณ์	เที่ยงตรง	หญิง
256	กัญญา	โลหะวรรณ	หญิง
257	ปัณฑารีย์	หิรัญพต	หญิง
258	จิราพร	หิรัญพต	หญิง
259	กานต์พิชชา	ปารมี	หญิง
260	สมใจ	ชุ่มชัง	หญิง
261	ทิพย์มาศ	โสมทัตถ์	หญิง
262	ประจวบ	ดำรงศิลป์	ชาย
263	อัญชุลี	โสมทัตถ์	หญิง
264	วันนิภา	สิทธิผล	หญิง
265	จักรกฤษณ์	อยู่ภิญโญ	ชาย
266	ภูวนาท	ชุ่มชัง	ชาย
267	จิราพร	จันทร์คง	หญิง
268	บุญชู	ชาติศิริ	หญิง
269	พรชนก	เสือพิทักษ์	หญิง
270	ณีรกาญจนา	จันทร์ขำ	หญิง
271	เดช	ประสิทธิเวช	ชาย
272	มานิตย์	จันทร์ขำ	ชาย
273	สนธยา	สิทธิขำ	ชาย
274	เสนาะ	จันทร์ขำ	ชาย
275	พิมพรรณ	สีสด	หญิง
276	นรินทร์	กรวงษ์	ชาย
277	เสวย	แสงชื่น	ชาย
278	สมบัติ	พ่วงดี	หญิง
279	พนอ	ลิ้มอิ่ม	ชาย
280	เขียน	จันทร์ขำ	ชาย
281	สุกัญญา	มิ่งมงคล	หญิง
282	อรศิริ	ทองสุข	หญิง
283	เบญจมาภรณ์	คงศรี	หญิง
284	สำราญ	จันทร์ไทย	หญิง
285	ปานจิตต์	คุ้มถนอม	หญิง
286	อนงค์	สายสาหร่าย	หญิง
287	จรินทร์	ศรีกำเหนิด	หญิง
288	สมพงษ์	คงคา	ชาย
289	บุศรินทร์	กลิ่นทอง	หญิง
290	ขวัญเรือน	แผ้วสาตร์	หญิง
291	บุญเตือน	อยู่เจริญ	หญิง
292	กานดา	พาเจริญ	หญิง
293	บุญยืน	กล่ำสวัสดิ์	ชาย
294	สมัย	อินทร์ยงค์	ชาย
295	พาณี	สังข์ทอง	หญิง
296	เพลินจันทร์	สว่างศรี	หญิง
297	สุวรรณ์	เฮงสกุล	ชาย
298	อรุณ	ทองรวม	หญิง
299	ทัศนีย์	จดน้อม	หญิง
300	บรรพต	ทองรวม	ชาย
301	เพียงใจ	กรณีสุข	หญิง
302	เจริญชัย	อินนสถาณ	ชาย
303	อัศราพร	ทองกี่	หญิง
304	สมคิด	สว่างแจ้ง	หญิง
305	ภิรมย์	ดีเจริญ	หญิง
306	ฉ่อง	กลั่นเครือวัลย์	ชาย
307	นคร	นาคสมบัติ	ชาย
308	มาลี	สังข์ทอง	หญิง
309	ประทุม	เต็มเปี่ยม	หญิง
310	สุรินทร	ภู่นาค	หญิง
311	จรรยพร	แสงจันทร์เงิน	หญิง
312	เฉลย	จันทร์หอม	ชาย
313	ฉลวย	บุญตัน	หญิง
314	พรนิภา	เกรียท่าทราย	หญิง
315	เจิม	นาคทอง	ชาย
316	ทิวา	เต็มเปี่ยม	หญิง
317	วิจิตพร	เฮงช้วน	หญิง
318	บุญมา	สว่างศรี	หญิง
319	ขวัญใจ	สว่างศรี	หญิง
320	อรอุมา	นวมนาฆะ	หญิง
321	สมทรง	ตุลาทอง	หญิง
322	ชิดชไม	ทิวคีรีดร	หญิง
323	สมชัย	สื่อสุวรรณธนา	ชาย
324	สารภี	เอี่ยมพิมพันธ์	หญิง
325	ยุพิน	สังข์ทอง	หญิง
326	อุบล	จันทร์คง	หญิง
327	นงนุช	จันทร์คง	หญิง
328	กฤษณา	อยู่สุวรรณ	หญิง
329	พิชญ์ญาดา	ใจเพชร	หญิง
330	กาญจนา	กลิ่นทอง	หญิง
331	อนงค์	ทั่งกรณ์	หญิง
332	สายชล	มาลากรอง	หญิง
333	สัมพันธ์	บ่วงราบ	ชาย
334	อุบล	โยชะนัง	หญิง
335	วันดี	คมขำ	หญิง
336	ถอ	ประสงค์สุข	หญิง
337	กาญจนา	ดุษฎี	หญิง
338	มุกดา	ภูวมาส	หญิง
339	มุขดา	มณีเทศ	หญิง
340	วิรัญญา	ปิ่นทอง	หญิง
341	ภาวิณี	สมบูรณ์	หญิง
342	อุดมพงษ์	หลีกลัด	ชาย
343	จุฑารัตน์	บุตรช่วง	หญิง
344	วรรณา	เนตรกระจ่าง	หญิง
345	ธนภรณ์	สงวนไพบูลย์	หญิง
346	อรุณ	สุ่มสวัสดิ์	หญิง
347	วีรชาติ	จตุรพิธโพธิ์ทอง	ชาย
348	พจนารถ	จิตรวัชรกุล	หญิง
349	ปวีณา	บุญมี	หญิง
350	วิภารัตน์	พรมพิมพ์	หญิง
351	ภัคยศ	ดีรอด	ชาย
352	เสาวนีย์	ดีรอด	หญิง
353	จินตนา	แสงสาคร	หญิง
354	ศรีประภา	คุ้มเกรง	หญิง
355	ชรินทร์	ศรีเสงี่ยม	หญิง
356	จำรัส	แสงสาคร	หญิง
357	ประอรรัตน	ศรีเสงี่ยม	หญิง
358	ทัศนา	พึ่งสังวาลย์	หญิง
359	ฉวีวรรณ	ทองเปลว	หญิง
360	บุญตา	แก้วจิตร	หญิง
361	ละม่อม	พลายงาม	หญิง
362	สุขเกษม	สมพามา	หญิง
363	พิมศิริ	ขำครุฑ	หญิง
364	สมศรี	เนตรกระจ่าง	หญิง
365	กำพล	วงศ์แป้น	ชาย
366	อรสา	ชาลาเศรษฐ์	หญิง
367	ฉลวย	จันทยงค์	หญิง
368	รัตนา	จิรันดร	หญิง
369	สุจินตนา	เกิดมี	หญิง
370	เอมอร	ไทยประเสริฐ	หญิง
371	แต๋ว	ตังสกุล	หญิง
372	เพียงใจ	ตังสกุล	หญิง
373	ทวี	ศรีพุ่ม	ชาย
374	สิตานัน	ทิมแก้ว	หญิง
375	สุภาพ	รอดคล้าย	หญิง
376	มาลี	สกุลเมือง	หญิง
377	กาญจนา	คชสาร	หญิง
378	ดวงคำ	คลองน้อย	หญิง
379	สมพร	ชื่นสมบัติ	หญิง
380	ประเทือง	ปรกสอาด	หญิง
381	ทองเยื่อ	ตุ้มบุญณะ	หญิง
382	สุรินทร์	ตุ้มบุญนะ	หญิง
383	เพ็ญพรรณ	ธิมาภรณ์	หญิง
384	ชนิดา	อ้นพงษ์	หญิง
385	เขมวรรณ	อินทร์ประสงค์	หญิง
386	พรทิพย์	ทองคำ	หญิง
387	นภาศรี	โพธิ์ทอง	หญิง
388	สุนิสา	โสรเนตร	หญิง
389	ฉลวย	ใจช่วงโชติ	หญิง
390	วันดี	สกุลเอื้อ	หญิง
391	หทัยทิพย์	จินดาคัด	หญิง
392	สุธา	เกิดจำรูญ	หญิง
393	ประไพ	นิลเพ็ชร	หญิง
394	แสงดาว	ศิริขำ	หญิง
395	ปรีย์วรา	สว่างเกตุ	หญิง
396	กานดา	ขาวประดิษฐ์	หญิง
397	สุธีร์	สาครขำ	ชาย
398	นงนุช	เจริญฤทธิ์	หญิง
399	วาสนา	ปรองดอง	หญิง
400	เนตรนภิสร์	นวมศิริ	หญิง
401	ประไพ	นิลสาย	หญิง
402	สุกัญญา	วรรณาวงษ์	หญิง
403	บุบผา	อยู่เจริญ	หญิง
404	อรุณ	โตเงิน	ชาย
405	จีรวรรณ	ไม้แก่น	หญิง
406	วิไลลักษณ์	ตุ๊ไซร	หญิง
407	ศยามล	แย้มดวง	หญิง
408	สาโรจน์	มีมงคล	ชาย
409	ยุพิน	มีมงคล	หญิง
410	ทับทิม	สกุลลี้	หญิง
411	ผาณิต	ชุนลิ้ม	หญิง
412	วาสนา	บุญเทียม	หญิง
413	ปัทมา	เจริญยัง	หญิง
414	สิริพร	มาลัยเกตุ	หญิง
415	นภาพร	นาคปัจฉิมสกุล	หญิง
416	ประพฤทธิ์	สุนันทา	ชาย
417	สอาด	อินกับจันทร์	หญิง
418	ขนิษฐา	น้ำใจดี	หญิง
419	พับ	แดงละม้าย	หญิง
420	บุญมี	ศิริธรรม	หญิง
421	วันเพ็ญ	รามัญ	หญิง
422	จริน	หมู่มาก	หญิง
423	ประภา	ศรีอ่อน	หญิง
424	จรัส	หอมระรื่น	ชาย
425	นันท์นภัส	เปลี่ยนสมัย	หญิง
426	สิรินดา	เสือดี	หญิง
427	พยุง	จันทร์พรหม	หญิง
428	แสน	นพแก้ว	ชาย
429	ทัศนา	คชสาร	หญิง
430	กัญญภา	กุลธนันท์ภักดี	หญิง
431	นฤมล	บำเพ็ญผล	หญิง
432	วรรณา	บุญคล้าย	หญิง
433	แสงมณี	ซุ่นเจ๊า	หญิง
434	สังเวียน	ซุ่นเจ๊า	ชาย
435	อุ่นจิตร	ทองดี	หญิง
436	เยาวลักษณ์	ชาติฉุน	หญิง
437	รัศรินทร์	มิ่งมงคลมณีรัฐ	หญิง
438	สาทิตา	ฉายศรี	หญิง
439	ดลพร	บุญคล้าย	หญิง
440	นันทนา	แสงอรุณ	หญิง
441	เจียมจิต	ภู่เงิน	หญิง
442	เกศินี	ฉายศรี	หญิง
443	น้อย	จันทร์คง	ชาย
444	พชรนภดล	กิจสมุทร	ชาย
445	ณิชานันท์	ชาติทอง	หญิง
446	ฉัตร์ดาว	มังกรวงค์	หญิง
447	นิกร	เอี่ยมพิมพันธ์	ชาย
448	ปัทมา	บุญสุข	หญิง
449	ธีระ	จันทร์คง	ชาย
450	ขวัญเรือน	บุญสุข	หญิง
451	พรทิพย์	เอี่ยมพิมพันธ์	หญิง
452	ปัญญา	แก้วเล็ก	ชาย
453	สุริยา	หรือประเสริฐ	ชาย
454	ทองหล่อ	นามประยงค์	หญิง
455	สุรินทร์	เอี่ยมละออ	หญิง
456	บุญชู	เจริญรัตน์	ชาย
457	ชวนพิศ	ลิ้มสกุล	หญิง
458	เขมิกา	เจริญรัตน์	หญิง
459	บุญมาก	ตุ้มน้อย	หญิง
460	น้ำทิพย์	รถทอง	หญิง
461	ประเทืองทิพย์	แสงจำรัส	หญิง
462	ทนงศักดิ์	เจริญรัตน์	ชาย
463	บุญยืน	ศิริธรรม	หญิง
464	ละออง	สาสนอ่ำ	หญิง
465	นาตยา	พูลทั่วญาติ	หญิง
466	ยอดกัลยา	แสงประทุม	หญิง
467	ชลชญา	ใหม่วงษ์	หญิง
468	ศิรินันท์	ทองคำ	หญิง
469	ละอุ่น	นพแก้ว	หญิง
470	สุทธินี	ฮวดชิต	หญิง
471	นุตยา	สุกสีทอง	หญิง
472	เล้ง	หกเหลี่ยม	ชาย
473	มนัส	หมีเงิน	ชาย
474	มังกร	มีรักษา	ชาย
475	รุ่งเจริญ	มีรักษา	หญิง
476	สมพงษ์	หกเหลี่ยม	หญิง
477	บุญราม	หกเหลี่ยม	ชาย
478	สมเพชร	รัสมี	ชาย
479	เพ็ญศรี	คงศรี	หญิง
480	กัลยาภัสร์	แสงเครือ	หญิง
481	ทิพย์วัลย์	บุญคล้าย	หญิง
482	สุรีย์	คงศรี	หญิง
483	พณิชา	แซ่ภู	หญิง
484	ราตรี	นวมศิริ	หญิง
485	สาธิต	บันเทิงใจ	ชาย
486	ผ่องพรรณ	ชมไม้	หญิง
487	อรวรรณ	เพ็ญเสวี	หญิง
488	พงษ์ศักดิ์	ตรีรณากรณ์	ชาย
489	จุไร	ศาสนวิสุทธิ์	หญิง
490	สมชาย	อินทยงค์	ชาย
491	นงลักษณ์	อินทยงค์	หญิง
492	เล็ก	นามไพโรจน์	ชาย
493	สายหยุด	สกุลนะ	หญิง
494	วิโรจน์	ศรีสุวรรณ	ชาย
495	ฉวีวรรณ	บุญรัตน์	หญิง
496	บุญใช้	เดชกำเหนิด	หญิง
497	สมพร	หวังเจริญ	ชาย
498	อรรถวุฒิ	กลัดสมบูรณ์	ชาย
499	สม	เทียนเงิน	ชาย
500	นิตยา	ไชยมงคล	หญิง
501	อำภา	โชคสุทธากุล	หญิง
502	เบ็ญจา	พวงศิริ	หญิง
503	พรจรัส	ขุนแผน	หญิง
504	เพ็ง	ขุนแผน	ชาย
505	มาลี	ธนวิริยาภรณ์	หญิง
506	ทิพวรรณ	น่วมสวัสดิ์	หญิง
507	นิภา	กาฬดิษฐ์	หญิง
508	พิศณุ	ชื่นสกุล	ชาย
509	บำรุง	ก๋ำดารา	ชาย
510	อิทธิเดช	กาฬดิษฐ์	หญิง
511	พิศาล	แสงภู	หญิง
512	ล้วน	น่วมสวัสดิ์	หญิง
513	วงษ์อนงค์	แสงสุวรรณ	หญิง
514	ถนอม	แสงสุวรรณ	หญิง
515	นุช	แสงสุวรรณ	ชาย
516	สมคิด	แสงภู	ชาย
517	ประเสริฐ	แสงสุวรรณ	ชาย
518	ดิเรก	มาฆะธรรม	หญิง
519	ทนงศักด์	วิมูลชาติ	ชาย
520	เพียงใจ	พันธุ์โพธิ์	หญิง
521	พรรณี	เจริญยัง	หญิง
522	รุ่ง	ชูชื่น	ชาย
523	จรรยพร	วิมูลชาติ	หญิง
524	รำพา	คำวัฒนะกุล	หญิง
525	พรทิพย์	สังขมุณีจินดา	หญิง
526	บุญนาค	ชัยมงคล	หญิง
527	วาณี	คุณประโยชน์	หญิง
528	อุบลรัตน์	ชัยมงคล	หญิง
529	ระเบียบ	โยชะนัง	หญิง
530	นครชัย	คล้ายศรี	ชาย
531	นิภา	มูลนิลตา	หญิง
532	จรัสศรี	เงินดี	หญิง
533	จรัสศรี	นิลน้อย	หญิง
534	ชยพัทธ์	สุวรรณาราม	ชาย
535	พเยาว์	อุดม	หญิง
536	วิชัย	นิลน้อย	ชาย
537	อำไพ	แซ่ดั่น	หญิง
538	ทองหล่อ	โพธิผลิ	หญิง
539	ดารณี	นิ่มน่วม	หญิง
540	บุญรอด	นิ่มน่วม	ชาย
541	เกสร	คลองน้อย	หญิง
542	ประทุมมาศ	ทองเปี่ยม	หญิง
543	ปาริฉัตร์	สุวรรณาราม	หญิง
544	วรรณดี	กลิ่นหอม	หญิง
545	นิภาพรรณ	รัตนวีระ	หญิง
546	ประสิทธิ์	สกุลเตีย	ชาย
547	ออม	กิระเกตุ	ชาย
548	อุมาพร	ทองงามเพ็ง	หญิง
549	สุพิน	สุขคล้าย	ชาย
550	มุกดา	แผ่นใหญ่	หญิง
551	กระดังงา	เจือไทย	ชาย
552	ชลธิชา	อินทร์กับจันทร์	หญิง
553	ศิริ	บุญทรัพย์	หญิง
554	อุทัย	จีนกำเหนิด	หญิง
555	บุญสม	เทพาหุดี	หญิง
556	สะเดา	เต็มพร้อม	หญิง
557	ประจวบ	โนนจาด	หญิง
558	ยุพิน	แจ้งกระจ่าง	หญิง
559	ระเบียบ	เขียวขำ	หญิง
560	ประเทือง	จันทร์อ่อน	หญิง
561	วันเพ็ญ	เกิดพิพัฒน์	หญิง
562	กฤติกา	โพธิ์เอี่ยม	หญิง
563	วชิร	เจือไทย	ชาย
564	รุ่งนภา	จรรยาประเสริฐ	หญิง
565	ระเบียบ	บุตรกลับ	หญิง
566	รีนา	นามใจ	หญิง
567	ราตรี	ปีติภพ	หญิง
568	อวบ	อยู่สว่าง	หญิง
569	นิรมล	ชูประดิษฐ	หญิง
570	ประวิง	ทองจับ	ชาย
571	พัชนี	คงอ่อน	หญิง
572	ณัฐพสิษฐ์	ชูประดิษฐ	ชาย
573	ประจวบ	แจ้งกระจ่าง	หญิง
574	อมลวรรณ	สายชล	หญิง
575	สมจิตร์	พรสวัสดิ์	หญิง
576	บุษรินทร	์	ตะบูนพงษ์
577	จิราภรณ์	ปั้นทอง	หญิง
578	กัลยา	กลั่นภักดี	หญิง
579	อรุณ	แจ้งกระจ่าง	หญิง
580	ช้องมาศ	เดชะบุญ	หญิง
581	คณิสร	ตะบูนพงษ์	ชาย
582	สมพร	แสงสุวรรณ์	ชาย
583	มีนา	ศรเดช	หญิง
584	ทองย้อย	เช่งสกุล	หญิง
585	น้อง	ล้อมพงษ์	หญิง
586	นุกูล	ประภาอัมพร	ชาย
587	ชัยชิต	ดิษฐสมบูรณ์	ชาย
588	สหนพพร	ล้อมพงษ์	ชาย
589	สายชล	นวมศิริ	หญิง
590	ประนอม	ทิมแก้ว	หญิง
591	ทัศนีย์	คงวัฒนา	หญิง
592	ระเบียบ	สุนทร	หญิง
593	ทัศนีย์	เงินวิลัย	หญิง
594	วิทยา	ปรองดอง	ชาย
595	บังอร	สุขสมบูรณ์	หญิง
596	ภาวิณี	ประภาสธรรม	หญิง
597	วรรณา	คล้ายดวงแขสกุล	หญิง
598	วีณา	นิติกุลวงศ์	หญิง
599	อุทัย	ยันตพร	หญิง
600	ฉวี	ถาวรการ	หญิง
601	เสาวณีย์	ถาวรการ	หญิง
602	ลำเจียก	มุทุกันต์	หญิง
603	พชรวรรณ	เงินวิลัย	หญิง
604	กนกพร	แจ่มแจ้ง	หญิง
605	สุขสันติ	พลายบัว	ชาย
606	จำนงค์	ชูจิตร์	หญิง
607	อุบล	รักศิริ	หญิง
608	พนมพัชร	ปรองดอง	หญิง
609	ติ๋ม	วงศ์สมุทร	หญิง
610	อรุโณทัย	มนูญโย	หญิง
611	ยุวดี	สมศักดิ์	หญิง
612	จิราพร	บานเย็น	หญิง
613	สุชิน	เดชบุญ	หญิง
614	ดวงพร	รื่นเริง	หญิง
615	สาวิตรี	ชมบุญอินทร์	หญิง
616	ยอด	เกิดทองดี	ชาย
617	พรพงษ์	จงแพ	ชาย
618	วาสนา	พังสอาด	หญิง
619	รัชนก	เดชบุญ	หญิง
620	ปัญญดา	พ้นภัย	หญิง
621	ประนอม	ยุติ	หญิง
622	ดวงเดือน	พลอยนิล	หญิง
623	เฉลิม	ศรีพุ่ม	หญิง
624	สุชาติ	ทองจับ	ชาย
625	วีระ	ศรีพุ่ม	ชาย
626	กชรดี	ทองจับ	หญิง
627	สุธาสินี	ทองศรีสมบูรณ์	หญิง
628	กาญจนา	แสงทอง	หญิง
629	บุบผา	แซ่ล้อ	หญิง
630	วันดี	วรรณแจ้ง	หญิง
631	สำราญ	ศรีพุ่ม	หญิง
632	สมบูรณ์	จตุพรพิมล	ชาย
633	อรพรรณ์	สุขภูมิ	หญิง
634	นฤมล	แซ่ลิ้ม	หญิง
635	รื่น	แสงพันธ์	ชาย
636	สุวรรณี	หลงสวาสดิ์	หญิง
637	รัชนี	มีสุข	หญิง
638	ณรงค์ชัย	ศรีสุข	ชาย
639	สิริพร	คงยนต์	หญิง
640	สมร	แดงเรือง	หญิง
641	ทองลี้	นิลวาส	หญิง
642	ทิพย์มณี	ชื่นชู	หญิง
643	เกษร	มณีนิล	หญิง
644	หอม	มุณี	ชาย
645	สุริยนต์	สุ่นมาก	ชาย
646	ประยูร	มณีนิล	ชาย
647	หทัยรัตน์	ขำสมัย	หญิง
648	สมจิต	ศิริรักษา	หญิง
649	ยุทธ	แผนคู้	ชาย
650	บุญชู	สินประเสริฐ	หญิง
651	จินตนา	โพธิทอง	หญิง
652	เงินตรา	อัตโสภณวัฒนา	หญิง
653	รัตนา	ปู่ศรี	หญิง
654	ไพรวัลย์	หงษ์ทอง	หญิง
655	ละออ	กลั่นกลึง	หญิง
656	สุรีย์	ไช้พันธ์	หญิง
657	เจริญ	รอดนิกร	หญิง
658	สมหมาย	วงษ์ซื่อ	หญิง
659	นกแก้ว	ขันกำเหนิด	หญิง
660	สมชัย	กลั่นกลึง	ชาย
661	บุญธรรม	กลั่นสกุล	หญิง
662	สุธาสินี	อ่วมจันทร์	หญิง
663	รุ่งนภา	คุ่ยโล่	หญิง
664	ชูชีพ	ภมร	ชาย
665	อัมพร	พงษ์ประวัติ	หญิง
666	สัมพันธ์	นักดนตรี	ชาย
667	เอมอร	เยาวสิทธิ์	หญิง
668	ลออศรี	พงษ์ประวัติ	หญิง
669	สอิ้ง	นักดนตรี	หญิง
670	นงนุช	ศรีรุ้ง	หญิง
671	วรรณา	ภมร	หญิง
672	กชกร	น้อยสุวรรณ	หญิง
673	กาญจนา	เต็มรัศมี	หญิง
674	อารีย์	ดวงแย้ม	หญิง
675	ทองปลิว	ปิ่นสวัสดิ์	หญิง
676	เฉลียว	ปิ่นสวัสดิ์	หญิง
677	ผ่องพรรณ	ดีประดับ	หญิง
678	ประภารัตน์	ปิ่นสมบูรณ์	หญิง
679	ประดิษฐ	ดวงแย้ม	ชาย
680	สุนันท์	สุทธิ์ภิบูรณ์	หญิง
681	มณฑา	ศิลารัตน์	หญิง
682	ฉลวย	จูประเสริฐ	หญิง
683	สุรินทร์	กำเหนิดอุย	ชาย
684	กาญจนา	ชลิงสุ	หญิง
685	แพรวตา	เข็มกำเหนิด	หญิง
686	นิตยา	ดำเล็ก	หญิง
687	วรพงษ์	เทียนสาตร์	ชาย
688	อุไร	เทพศิริ	หญิง
689	ยุพารัตน์	เฮงที	หญิง
690	มณี	พวงระย้า	หญิง
691	อุบล	ทองแดง	หญิง
692	ขวัญยืน	รอดสุริยะ	หญิง
693	ฉันทนา	สว่างเกตุ	หญิง
694	สิงห์	ศรีแถลง	ชาย
695	นิตยา	ขำสะอาด	หญิง
696	ธัชสรัญ	นิลวาส	หญิง
697	ชอบ	สุขเกษม	ชาย
698	กิตติกา	บุญมีคำ	หญิง
699	อุไร	ภู่สกุล	หญิง
700	พิสมัย	ขันกำเหนิด	หญิง
701	ปพน	เนียมนาค	ชาย
702	ภคมน	เอี่ยมสอาด	ชาย
703	ประไพพร	ศรเดช	หญิง
704	สมหญิง	วัดเกตุ	หญิง
705	ลำยอง	ศรเดช	หญิง
706	สมหมาย	สมปรุง	ชาย
707	อรนันท์	เปรมสุข	หญิง
708	ธนภัทร	ชยุตพงศา	ชาย
709	พนอ	เทียมดวงแข	หญิง
710	พยอม	กลิ่นหอม	หญิง
711	ประยูร	โยชนัง	หญิง
712	วันทนา	คงมูล	หญิง
713	จำนงค์	สมอแก้ว	ชาย
714	วันเพ็ญ	พงษ์สุวรรณ	หญิง
715	พรรณณิภา	ขุนนุช	หญิง
716	วันเพ็ญ	ตะบูนเพชร	หญิง
717	อุทัย	จือเหลียง	ชาย
718	ปรีชา	ขำสมัย	ชาย
719	เสาวภา	ดอกไม้จีน	หญิง
720	วัลยา	จือเหลียง	หญิง
721	อรุณวรรณ	เจิมจันทร์	หญิง
722	สมพงษ์	สุดสนิท	ชาย
723	ศุภสิตา	เสือรัก	หญิง
724	แสงเดือน	สามีหวัง	หญิง
725	ดรุณี	แพทย์จะเกร็ง	หญิง
726	ตุ๊กตา	สังขริม	หญิง
727	ประภาพรรณ	เอี่ยมลออ	หญิง
728	อภัสนันท์	ช่องเจริญอนันต์	หญิง
729	จรินทร์	มั่นคง	หญิง
730	บุญช่วย	สุขอยู่	หญิง
731	ณัชชา	คลองโคน	หญิง
732	ธมลวรรณ	ผงแสนสี	หญิง
733	พิชชานันท์	จันทรแพ	หญิง
734	จินดา	กลิ่นเมือง	หญิง
735	กัญญา	สีจาดำ	หญิง
736	ประสาท	บัวสด	ชาย
737	ประภา	พัวเจริญ	หญิง
738	ไพริน	วัญญะโต	หญิง
739	พรชัย	ไทยแท้	ชาย
740	แต๋ว	บัวสด	หญิง
741	สุรีย์ภร	อินทศร	หญิง
742	สมพร	กล่ำสำราญ	หญิง
743	วิมล	กาลปักษ์	หญิง
744	บังอร	ใจสุข	หญิง
745	วัฒนา	เอื้อสกุล	หญิง
746	สมทรง	กาลปักษ์	หญิง
747	ประมวล	หลำหยง	หญิง
748	อารีย์	คลองโคน	หญิง
749	สำรวย	ประพงพันธ์	หญิง
750	สัมพันธ์	นุตรดิษฐ์	ชาย
751	อรพิน	ถมยา	หญิง
752	ศรีวรา	ถมยา	หญิง
753	เจน	จันทร์เผือก	ชาย
754	มาลิวัลย์	กลั่นภักดี	หญิง
755	สำราญ	สุดเต้	หญิง
756	พัชรี	กลั่นภักดี	หญิง
757	สำรวย	สังข์ทอง	หญิง
758	รินนภา	ธนิกกุล	หญิง
759	หม๋วย	ปานคล้ำ	หญิง
760	รำเพย	อินทรพันธ์	หญิง
761	วันไชย	สนามเขตต์	ชาย
762	สุนทร	จันทร์สุก	ชาย
763	พยงค์	จันทร์คง	หญิง
764	วิภา	วงสุกร	หญิง
765	จิตรวรินทร์	ศักดิ์สิทธิ์	หญิง
766	ชัย	ดีรอด	ชาย
767	นิรุต	เอี่ยมสอาด	ชาย
768	ประทีป	ทองสุข	ชาย
769	รัตนา	สังข์ทอง	หญิง
770	ปัญญา	ศรีบุญลือ	ชาย
771	บุญมี	บุตรนก	หญิง
772	แสวง	บุตรนก	หญิง
773	กิ่งกาญจน์	เกียรติคุณ	หญิง
774	วาสนา	หอมทอง	หญิง
775	เพยาว์	สังข์ทอง	หญิง
776	เสียง	จันทร์คง	หญิง
777	ประกอบ	ปัดถา	หญิง
778	ประมวล	น่วมเอี่ยม	หญิง
779	ประเยาว์	อินทยงค์	หญิง
780	สมนึก	ดีเชย	หญิง
781	ขวัญเมือง	นิลกำเหนิด	หญิง
782	นฤทธิ์	อิ่มเกษม	ชาย
783	สงวน	เกตุกำจร	ชาย
784	ภัทรสิริ	นุตตะโร	หญิง
785	กานดา	พึ่งฉิม	หญิง
786	ละออ	พึ่งฉิม	หญิง
787	ปรีชา	พึ่งฉิม	ชาย
788	สมศรี	พันธเสน	หญิง
789	กัลยา	รุ่งมาก	หญิง
790	บุญมี	เจียมโพธิ์	หญิง
791	อนุกูล	วักแน่ง	หญิง
792	บุญปลูก	บุตรนก	หญิง
793	สมยศ	แก้วเผือก	ชาย
794	สมเจตน์	บุตนก	ชาย
795	ทองเลื่อน	อินทร์พันธ์	หญิง
796	เฉลิม	หมันมณี	ชาย
797	ศิริ	หล่ำเสน	หญิง
798	กุมารี	สว่างเกตุ	หญิง
799	มานิตย์	จันทรเพ็ง	หญิง
800	ประทุม	ถมยา	หญิง
801	วรรณภา	เรไรร้อง	หญิง
802	พร	สิทธิขำ	ชาย
803	นงนุช	มูลประเสริฐ	หญิง
804	กมลวรรณ	อยู่ร่วม	หญิง
805	เจริญ	ขำสมัย	ชาย
806	สมบัติ	ภู่นาค	หญิง
807	รมณีย์	เต็มเปี่ยม	หญิง
808	วิชัย	สังข์ทอง	ชาย
809	นฤมล	ภู่นาค	หญิง
810	อุไร	หมู่ผึ้ง	หญิง
811	วิภารัตน์	เสือคุ้ม	หญิง
812	ปราณี	จันทร์อ่อน	หญิง
813	นันทา	รอดสะใภ้	หญิง
814	กัณฐิกา	มีรักษา	หญิง
815	สุนีพรรณ	อารักษ์	หญิง
816	สมจิตร	ฮกฮวดซิ้ม	หญิง
817	ลัดดา	แสงศรี	หญิง
818	ขวัญเรือน	ชูกร	หญิง
819	อัจฉรา	จนะสินธุ์	หญิง
820	อารี	นงนุช	หญิง
821	รัชนี	เทพวัฒนา	หญิง
822	ชญาณ์นันท์	มานะทวีพัฒนา	หญิง
823	ทองทิว	โตเงิน	ชาย
824	สมชาย	ตันเซ็ง	ชาย
825	ทวี	ชูแสง	ชาย
826	อิน	ชูแสง	ชาย
827	ประจวบ	ชูแสง	ชาย
828	สมจิตร	เพ็ญสว่าง	หญิง
829	ภคมน	อินทรพันธ์	หญิง
830	จันจิรา	สังข์ทอง	หญิง
831	สาคร	เกตุทอง	หญิง
832	ชะเอม	สว่างศรี	หญิง
833	อำพล	สังข์ทอง	ชาย
834	ภานุมาส	อินทร์ยงค์	หญิง
835	สมหมาย	เพ็ญสว่าง	หญิง
836	วันชัย	กู่ทรัพย์	ชาย
837	พยอม	ชูแสง	หญิง
838	นงเยาว์	รักชาติ	หญิง
839	สมสุข	โง้วสกุล	หญิง
840	ระจิต	พ้นภัย	หญิง
841	รัชนี	ประทับจิต	หญิง
842	อุทัย	ศักดิ์ศิริเลิศ	หญิง
843	อุไร	ทองจับ	หญิง
844	สายฝน	บุญประเสริฐ	หญิง
845	จันทรศรี	โพธิ์ศรี	หญิง
846	กิจพัฒน์	คงรักษา	ชาย
847	วิมลอำพรรณ	ถนอมชาติ	หญิง
848	สุทธดา	สำเภาทอง	หญิง
849	กัญญา	นนทลักษณ์	หญิง
850	อำนวย	แสงมณี	หญิง
851	อาภรณ์	พุ่มพร	หญิง
852	จิต	สวัสดี	หญิง
853	กุลรัตนา	สงวนงาม	หญิง
854	ชลดา	เฟื่องฟุ้ง	หญิง
855	นฤทัย	กาวิรส	หญิง
856	เบญญาภา	กุลพาที	หญิง
857	พจมาลย์	นนทลักษณ์	หญิง
858	วรากร	เกิดทองดี	หญิง
859	ชนัตถา	ถนอมชาติ	หญิง
860	จิดาภา	สุวรรณเนตร	หญิง
861	เปรมทิพย์	จันตรี	หญิง
862	บุญตา	คล้ำจิต	หญิง
863	ไพรินทร์	ศรีเมือง	หญิง
864	สอาด	สังวาลย์ทอง	หญิง
865	วิเชียร	น้ำใจดี	หญิง
866	ประเทือง	ทับมรินทร์	หญิง
867	เกษศิริ	เกิดน้อย	หญิง
868	จำเนียร	เทศทอง	หญิง
869	ชนัดดา	จิตตรง	หญิง
870	สุภาพ	คงรักษา	หญิง
871	สาคู	นาคสิทธิ์	หญิง
872	ชัชริน	อิ่มเสมอ	หญิง
873	บุญเติม	เขียวขำ	หญิง
874	สุทธดา	กลิ่นอุดม	หญิง
875	ธนัย	พ้นภัย	ชาย
876	ลภัสรดา	นาคขันทอง	หญิง
877	จีรวรรณ	กลิ่นอุดม	หญิง
878	อรพิสิษฐ์	มีโพธิ์	หญิง
879	ศศินา	พลายบัว	หญิง
880	สำนวล	จิรพัฒนโชติ	หญิง
881	รัญจวน	โจจู	หญิง
882	อุสาห์	มีศิริ	หญิง
883	ราณี	เปรุนาวิน	หญิง
884	ปรารถนา	ศรีไสว	หญิง
885	แสงระวี	เจริญโต๊ะ	หญิง
886	พัชนีย์	ตระกูลบุญ	หญิง
887	สมจิตต์	หลิมสกุล	หญิง
888	ณัฐฐิตา	ยื้อเผ่าพันธ์	หญิง
889	จรรยา	ศิรินคร	หญิง
890	ดวงพร	ทองอำไพ	หญิง
891	จันทร์เพ็ญ	สุริยะมโน	หญิง
892	ประวิทย์	จิตต์สมุทร	ชาย
893	ตรีวรรณ	อินทรสูตร	หญิง
894	บงกช	พงษ์พานิช	หญิง
895	เจนจิรา	มีศิริ	หญิง
896	เสาวลักษณ์	แซ่ซิ้ม	หญิง
897	ผาสุก	จิตต์สมุทร	หญิง
898	จารุวรรณ	จ่าเมือง	หญิง
899	ประยงค์	จ่าเมือง	ชาย
900	เยาวรัตน์	คำมณีจันทร์	หญิง
901	กานดา	บรรลือเสนาะ	หญิง
902	ประนอม	สุระพันธ์	หญิง
903	บุญเรือน	คุ้มภัยพาล	หญิง
904	บุญส่ง	อินทวงค์	หญิง
905	ศิริ	บรรลือเสนาะ	ชาย
906	สุปราณี	สุวรรณโณ	หญิง
907	สุวรรณี	ไม่รู้จบ	หญิง
908	ธีราพร	ธีระพิบูลย์	หญิง
909	เพ็ญศรี	ม่วงสวนขวัญ	หญิง
910	ไพรินทร์	ซุ้ยวงค์ษา	หญิง
911	อรษา	สงวนสมบัติ	หญิง
912	มิลตา	ศรีวงค์ษา	หญิง
913	อำนวย	บุญงาม	หญิง
914	รัชนี	เอกบุญชู	หญิง
915	อรวรรณ	เทียนเจริญ	หญิง
916	สุนันทา	คล้ายมี	หญิง
917	สุภาพร	ยมะสมิต	หญิง
918	สุกัญญา	พิบูลย์สวัสดิ์	หญิง
919	กนกวรรณ	ศรีราษฎร์	หญิง
920	ติ๋ม	พาพันธ์	หญิง
921	สมบูรณ์	เอี่ยมบุตรลบ	ชาย
922	สุรินทร์	สุดประเสริฐ	ชาย
923	นฤมล	เอี่ยมบุตรลบ	หญิง
924	จงรักษ์	น้อยอยู่นิจ	หญิง
925	ละเอียด	ผูกสมัคร	หญิง
926	จรัสศรี	ทรงจันทร์	หญิง
927	อุดม	เชื่อมประไพ	หญิง
928	เบญจา	คงพิทักษ์	หญิง
929	สมคิด	กาญจนสอาด	หญิง
930	ศิริ	ช้างทอง	หญิง
931	ผกากรอง	แก้ววิลัย	หญิง
932	เรณู	สงสาร	หญิง
933	วันดี	สงวนสมบัติ	หญิง
934	ทองสุข	สว่างวงษ์	หญิง
935	สมปอง	ศิริไล	หญิง
936	วนิดา	แกลโกศล	หญิง
937	บุญชู	เกิดมงคล	หญิง
938	กรรณิการ์	เซ้งอาศัย	หญิง
939	ภาสิณี	อสัตถพฤกษ์	หญิง
940	ศิรประภา	แสงบรรจง	หญิง
941	รัชดา	เย็นพายัพ	หญิง
942	กัลยา	เย็นพายัพ	หญิง
943	อุษา	ทองอินทร์	หญิง
944	กชวรรณ	วีระนนท์	หญิง
945	สวง	อยู่เชื้อ	ชาย
946	มาลัย	ทรัพย์บริบูรณ์	หญิง
947	เพชรปาณี	เจียมศิริ	หญิง
948	ประทิน	จันทร์หอม	หญิง
949	อำภา	เหมวรรณกุล	หญิง
950	ดวงหทัย	เกตุสิงห์น้อย	หญิง
951	จรรยา	ดอกพรม	หญิง
952	เสาวลักษณ์	วันเพ็ญ	หญิง
953	ปรีดา	วันเพ็ญ	ชาย
954	ชนนพร	แก้ววิลัย	หญิง
955	สถาพร	บ่ายแสงจันทร์	หญิง
956	สุวรรณี	บ่ายแสงจันทร์	หญิง
957	นิภาพร	ดีเจริญ	หญิง
958	อ้อ	วาดเขียน	หญิง
959	สุนีย์	พ่วงพินิจ	หญิง
960	สุเทพ	ศรีภูมิ	ชาย
961	ล้วน	ศรีสนอง	ชาย
962	ทองสุข	ศรีภูมิ	ชาย
963	บัวขาว	อินทรสุวรรณ	หญิง
964	จิตรสิริ	รัชคร	หญิง
965	รำเพย	สุวรรณ	หญิง
966	พรรณี	นุชเกษม	หญิง
967	อนงค์	แก้วมุกดา	หญิง
968	สงบ	ศรีเผือก	หญิง
969	จรีรัตน์	สังข์สูตร์	หญิง
970	อรชร	รัตนบรรยงค์	หญิง
971	เนื้อนวล	ทรงหิรัญ	หญิง
972	เพ็ญพิสุทธิ์	ทองแต้ม	หญิง
973	สายพิณ	เปียประเสริฐ	หญิง
974	ขวัญจิต	พวงสวัสดิ์	หญิง
975	พวงทอง	พวงสวัสดิ์	หญิง
976	ประกอบ	ศุขะโต	ชาย
977	ประทุม	สัตยดิษฐ	หญิง
978	จันทรา	เอี่ยมผดุง	หญิง
979	บุญจินดา	กอสนาน	หญิง
980	ดารินทร์	จูพิบูลย์	หญิง
981	สำราญ	รุ่งปัจฉิม	หญิง
982	ประภาพร	สังขกุล	หญิง
983	ธวัช	โอกาศรัตน์	ชาย
984	มณฑา	บัวบาง	หญิง
985	สุนทรีญา	บุญมาก	หญิง
986	จำปี	ลี่แตง	หญิง
987	นวพรรณ	มุกดาเกษม	หญิง
988	ชญานิษฐ์	สายสุด	หญิง
989	พิมพัน	ผูกน้อย	หญิง
990	สมร	นุชนาถ	หญิง
991	ปัญญา	อินทรอารักษ์	หญิง
992	บังเอิน	อินทรอารักษ์	ชาย
993	ประนอม	วัชฤทธิ์	หญิง
994	วนิดา	วิจิตรโชติ	หญิง
995	กาญจนา	รัตนหิรัญ	หญิง
996	สมปอง	ม่วงมณี	หญิง
997	สมชาย	รัศมี	ชาย
998	มนัส	บุญพยุง	ชาย
999	นิคม	สมพิทักษ์	ชาย
1000	ยุทธนา	รุ่งหิรัญ	ชาย
1001	อัญชลีย์	บุญพยุง	หญิง
1002	ราตรี	เผื่อนอารีย์	หญิง
1003	นิภา	จันทร์พุฒ	หญิง
1004	ถวิล	กล่อมไสยาศน์	หญิง
1005	รัศมี	สังข์สูตร	หญิง
1006	สุพัตรา	อุยวรรณัง	หญิง
1007	อุไร	เอี้ยววิลัย	หญิง
1008	สุปราณี	ยอแซฟ	หญิง
1009	ฉวีวรรณ	รุจิรัตน์	หญิง
1010	แววตา	กิจธรรม	หญิง
1011	ธนาภรณ์	โก๊ตทวีตี้	หญิง
1012	ประไพพิศ	ปักษา	หญิง
1013	นิรมล	จันทรวิจิตร์	หญิง
1014	นำชัย	ระงับพิศม์	ชาย
1015	รุ่งฤดี	ถือแก้ว	หญิง
1016	ประยูร	แย้มสุนทร	ชาย
1017	พัทธนันท์	จิรวัฒนดิลก	หญิง
1018	ศกุนี	สุรศิลป์	หญิง
1019	ภัคกร	จิรวัฒนดิลก	ชาย
1020	สรนภัส	มากระนิตย์	ชาย
1021	นิภา	ฆ้องวง	หญิง
1022	บุบผา	มีเอี่ยม	หญิง
1023	สาคร	เอี่ยมสุวรรณ	หญิง
1024	พรนิภา	หอมพวงภู่	หญิง
1025	บุญส่ง	ฉวีรัตน์	หญิง
1026	รุ่งอร	เทวาอารักษ์	หญิง
1027	ธนู	เข็มทอง	ชาย
1028	บุญมี	วรรณศิลป์	หญิง
1029	สมจิตร์	แม้นสงวน	หญิง
1030	บุญเรือง	เทวาอารักษ์	หญิง
1031	ยุพา	อ่อนละมูล	หญิง
1032	จีราภา	เจริญสินค้า	หญิง
1033	ราตรี	ทองใบ	หญิง
1034	วรรณา	ปิ่นนพเกล้า	หญิง
1035	เรณู	มุ่งอนามัย	หญิง
1036	อรษา	ทับทิม	หญิง
1037	ผ่องศรี	อัตโชติ	หญิง
1038	นวรัตน์	มีจันทร์	หญิง
1039	มลฑา	โรจน์ประดิษฐ	หญิง
1040	กัลยา	ภมรศักดา	หญิง
1041	อนงค์	อุนาพีร์	หญิง
1042	ดวงรัตน์	ชวลิตธำรงค์	หญิง
1043	เกษวัฒนา	วงศ์จินตนา	หญิง
1044	สมศรี	นาคสวัสดิ์	หญิง
1045	อำนวย	ดอกไม้งาม	ชาย
1046	สายัณต์	ประยูรหงษ์	หญิง
1047	สว่างศรี	สมประสงค์	หญิง
1048	สมถวิล	บุญทรัพย์	หญิง
1049	วินัย	ประยูรหงษ์	ชาย
1050	มาลี	ช่วงวิเชียร	หญิง
1051	รวีวรรณ์	สุริยะจันทร์	หญิง
1052	ทิพวรรณ	เป๋าทุย	หญิง
1053	อำพร	ประยูรหงษ์	หญิง
1140	วิภาวรรณ	พจน์เกษม	หญิง
1054	รวีวรรณ์	สุริยะจันทร์	หญิง
1055	สุกัญญา	สุขรัมย์	หญิง
1056	สุปราณี	ภูผา	หญิง
1057	นราธิป	โชคบรรดาลสุข	ชาย
1058	ชลธิชา	โชคบรรดาลสุข	หญิง
1059	รวม	ศิริพงษ์	หญิง
1060	ธวัชชัย	ศูภรัตนาภิรักษ์	ชาย
1061	วีรชัย	ระงับพิศม์	ชาย
1062	นฤมล	บุญเจริญ	หญิง
1063	มนทิชา	สุริยะฉันทนานนท์	หญิง
1064	วุฒิชัย	ทรงเจริญ	ชาย
1065	สนธนี	เปี่ยมศิริ	หญิง
1066	นิดา	ศรีมงคล	หญิง
1067	รุ่งนภา	เปรมรัตน์	หญิง
1068	สหทรัพย์	สุขไพบูลย์	ชาย
1069	วชิรา	แย้มประยูร	หญิง
1070	บุญนาค	จันทร์โต	หญิง
1071	อุษา	ศรประเสริฐ	หญิง
1072	ราตรี	สอาดเอี่ยม	หญิง
1073	จรูญ	สินธุมาศ	หญิง
1074	บรรเจิด	ดอนกลาง	ชาย
1075	สมจิตร	เจตบุตร	หญิง
1076	นิลวรรณา	จารุพัฒน์	หญิง
1077	สมเพียร	ตันเจริญ	หญิง
1078	แสง	แช่มมี	หญิง
1079	เฉลิมพล	เหลือบรัศมี	ชาย
1080	สมพร	มณีผล	ชาย
1081	โกศล	พุ่มอำนวย	หญิง
1082	สมศรี	ศาสตร์ประสิทธิ์	หญิง
1083	อริสรา	ศิริพูล	หญิง
1084	เพ็ญรุ่ง	รุ่งรัศมี	หญิง
1085	อุษา	สถานสถิตย์	หญิง
1086	สมบูรณ์	พิทยะภัทร์	หญิง
1087	นภัทร	นิมมานุทย์	หญิง
1088	มัทนา	ไชยประเสริฐ	หญิง
1089	มงคล	นิมมานุทย์	ชาย
1090	ธนกร	ขำจิ๋ว	หญิง
1091	บุญเรือน	ภู่พวงจร	หญิง
1092	จำรัส	มาดี	หญิง
1093	กอบกุล	น้อยอยู่นิตย์	หญิง
1094	บังอร	จีนบรรจบ	หญิง
1095	อัญชลี	มณีพันธ์	หญิง
1096	สมคิด	เดชะชาติ	หญิง
1097	กัณฐมณี	จีนบรรจบ	หญิง
1098	วรัญญา	อินทศักดิ์	หญิง
1099	วิไล	ภิญโญ	หญิง
1100	เกื้อกูล	อินทร์ประสงค์	หญิง
1101	ศุภากร	วงค์วราพันธ์	หญิง
1102	กานดา	จินดาวงค์	หญิง
1103	วิลาวัณย์	มีอยู่	หญิง
1104	รัตนา	พลชัย	หญิง
1105	สำอางค์	พลชัย	หญิง
1106	บุญนำ	สินบริสุทธิ์	หญิง
1107	ดวงดาว	พันธ์ประสิทธิ์เวช	หญิง
1108	อ่อนจันทร์	วีรชัยเสวิน	หญิง
1109	นทชล	สาทประเสริฐ	ชาย
1110	ณัฏชนน	เดชาชาติ	ชาย
1111	รัตนา	สาทประเสริฐ	หญิง
1112	สมจิตร	อินทรสาร	ชาย
1113	นกแก้ว	ทวีปวรรณ	หญิง
1114	บุษกร	ดาวเรือง	หญิง
1115	พีระพจน์	เสนาะวาที	ชาย
1116	ลิ้นจี่	ศรีมณีการ	หญิง
1117	ประสิทธิ์	ศรีมณีการ	ชาย
1118	ศรีสุรัตน์	สินธุ์เจริญ	หญิง
1119	ลำยอง	ธรรมสวัสดิ์	หญิง
1120	สมบูรณ์	อนันตวุฒิ	หญิง
1121	จำลอง	อุทยา	หญิง
1122	อรสา	ชุลีกราน	หญิง
1123	ลภัสรดา	ศรีเจริญ	หญิง
1124	ประนอม	ไตรวิรัตน	หญิง
1125	สมหมาย	นาคคีรี	หญิง
1126	ลออ	แสงพิทักษ์	หญิง
1127	วันดี	บัวผัน	หญิง
1128	รัตน	กุลวงษ์	หญิง
1129	อัมพร	จันทรกูล	หญิง
1130	เปรมใจ	โตวเจียว	หญิง
1131	กนกเนตร	อรุณเกษตรโชค	หญิง
1132	ง้อ	เล่าหงี	หญิง
1133	พานิช	เนตรนิรมล	หญิง
1134	สำราญ	ฮกสุน	ชาย
1135	ลออง	บัวผัน	หญิง
1136	กนกพร	บัวผัน	หญิง
1137	สมจิตร์	เอี่ยมผดุง	หญิง
1138	จุฑาทิพย์	เจริญสมบัติ	หญิง
1139	อัจฉรา	เล่าหงี	หญิง
1141	ยุพา	บัวตะมะ	หญิง
1142	นิพร	มีนคร	ชาย
1143	ลัดดาวัล	สุขประเสริฐ	หญิง
1144	ประเทือง	สุขประเสริฐ	ชาย
1145	นลัทพร	เอี่ยมชูนาม	หญิง
1146	อนงค์	สุขประเสริฐ	หญิง
1147	อำไพวรรณ	ประชาญสิทธิ์	หญิง
1148	ลัดดา	สง่าชาวเหนือ	หญิง
1149	กัญญา	สว่างงาม	หญิง
1150	พัชรี	มีวัฒนะ	หญิง
1151	ธิดา	ภู่คงทน	หญิง
1152	สายทอง	รุ่งมณี	หญิง
1153	นวรัตน์	เทวาอารักษ์	หญิง
1154	มะลิ	คุ้มครอง	หญิง
1155	อำไพ	พิมเสน	หญิง
1156	บุญส่ง	แก้วรศ	หญิง
1157	ศรีนวล	ไพเราะ	หญิง
1158	กชกร	คุ้มเนตร	หญิง
1159	ขวัญเรือน	ฉวีวรรณ	หญิง
1160	แตงอ่อน	วงษ์ประสิทธิ์	หญิง
1161	มณีวรรณ	ถังกระโทก	หญิง
1162	อัมพร	เนาวะดี	หญิง
1163	รุ่งรัชนี	วิชิตชาญ	หญิง
1164	คนึงนิจ	ดวงภุมเมศ	หญิง
1165	สุวรรณา	นิลศาสตร์	หญิง
1166	ประเทือง	ประชาญสิทธิ์	หญิง
1167	บรรลือ	เอี่ยมอนงค์	ชาย
1168	ศิรินทร	แฮ้พฤกษ์	หญิง
1169	แก้วมณี	ประชาญสิทธิ์	หญิง
1170	นิดา	ธีระพิบูลย์	หญิง
1171	ปราณี	เกลี้ยงเกลา	หญิง
1172	ละอองทิพย์	เกลี้ยงเกลา	หญิง
1173	ชื่นจิต	บัวอำไพ	หญิง
1174	สุภัตรา	รัตนบรรจง	หญิง
1175	ศศิมา	มาเล็ก	หญิง
1176	นงนุช	ทับทิม	หญิง
1177	อรวรรณ	เต็มเปี่ยม	หญิง
1178	สีนิล	ศิลา	หญิง
1179	ประมวล	พงษ์ประยูร	ชาย
1180	วงศกร	เกื้อกูล	ชาย
1181	ทองหล่อ	พงษ์ประยูร	ชาย
1182	สุรินทร์	ซื่อสัตย์	ชาย
1183	สมหวัง	ธรรมสวัสดิ์	หญิง
1184	ประสาร	บังแสง	ชาย
1185	สมพร	มีมงคล	หญิง
1186	วัชรินทร์	สกุลจันทร์	หญิง
1187	สกุลแก้ว	จันทร	หญิง
1188	สนทยา	อำโพธิ์ศรี	ชาย
1189	เนตรนภา	ลิ้มอิ่ม	หญิง
1190	เฉลิม	ง้าวแก้ว	ชาย
1191	เดชา	พ่วงพิศ	ชาย
1192	ปวริศา	กำเนิดกาญจน์	หญิง
1193	สมชาย	เจนจบเขต	ชาย
1194	เสงี่ยม	สีเหลือง	ชาย
1195	ฉันทนา	เพ็ญสว่าง	หญิง
1196	ณรงค์ชัย	จันทร์ปุก	ชาย
1197	เสนาะ	เพ็ญสว่าง	ชาย
1198	สำเนา	ต่ายเล็ก	หญิง
1199	ยุพิน	สายแจ้ง	หญิง
1200	สมหมาย	หนูสกุล	ชาย
1201	ชมภู	ธนิกกุล	หญิง
1202	ศิริ	ชัยศิริโภคา	ชาย
1203	กรกนก	ด่วนดี	หญิง
1204	เพ็ญประภา	ตันทะสิน	หญิง
1205	มาลี	เจนจบเขต	หญิง
1206	บุญชุบ	ทองพุ่ม	หญิง
1207	กนกวรรณ	แจ่มจำรัส	หญิง
1208	องอาจ	อุไรรัตน์	ชาย
1209	ดวงสมร	ศรีธวัช	หญิง
1210	วิไลวรรณ	จันทขันธ์	หญิง
1211	พัชรี	เทียมประเสริฐ	หญิง
1212	บุญมี	บุษยคันธพงศ์	หญิง
1213	บุญนาม	นิ่มมณี	ชาย
1214	สุนีย์	หอมวัฒนา	หญิง
1215	อุบล	อำโพธิ์ศรี	หญิง
1216	สมบูรณ์	รอดเทศ	ชาย
1217	สุดา	ธนิกกุล	หญิง
1218	ปาริฉัตร	ปู่ศรี	หญิง
1219	กฤษณ์	เต๊ยฉิน	ชาย
1220	สมคิด	อั้งสุพ่วง	หญิง
1221	สุรีรัตน์	เกียรติคุณ	หญิง
1222	สุนีย์	เทศทัน	หญิง
1223	สาธิต	เจนจบเขต	ชาย
1224	มนัส	แพทย์เจริญ	ชาย
1225	ทองดี	ธนิกกุล	หญิง
1226	ราตรี	ผ่องภิรมย์	หญิง
1227	นุชรีย์	เกียรติคุณ	หญิง
1228	พรทิพย์	เวชสุวรรณ์	หญิง
1229	ลวัณ	อมรภักดิ์	หญิง
1230	สมบูรณ์	จันทร์พิภพ	ชาย
1231	สมพร	อยู่ศรี	หญิง
1232	สมหมาย	รุ่งแจ้ง	หญิง
1233	ปรางค์	กลอยสวาท	หญิง
1234	สุวรรณี	อุดมสวัสดิ์	หญิง
1235	วนิดา	พ่วงพินิจ	หญิง
1236	บุญเรือน	คชาสัมฤทธิ์	หญิง
1237	ชมพูนุท	แย้มสรวล	หญิง
1238	พรเพ็ญ	แซ่โอ้ว	หญิง
1239	มะลิ	ไกรษี	หญิง
1240	กนกพร	พ่วงพินิจ	หญิง
1241	สุนีย์	แก้วเจริญ	หญิง
1242	ปรีชา	ศิริประเสริฐ	ชาย
1243	ปราณี	ทองประหยัด	หญิง
1244	ฉวัล	แสงตะวัน	หญิง
1245	อุบล	ขาวสะอาด	หญิง
1246	สถาพร	ตะวันขึ้น	หญิง
1247	ภิรมย์	ประดิษฐาน	หญิง
1248	ทรงยศ	แสงตะวัน	ชาย
1249	กฤษณา	แสงอินทร์	หญิง
1250	บุญเรือน	ราชสิงห์โห	หญิง
1251	ชูศรี	เชื้อจีน	หญิง
1252	ศรีเวียง	แสงอินทร์	หญิง
1253	มณฑา	คงอยู่	หญิง
1254	กุสุมา	แสงอินทร์	หญิง
1255	รตานรี	แผ้วปรีดา	หญิง
1256	ศิริลักษณ์	มีเงิน	หญิง
1257	สุนันท์	ต่วนขาว	หญิง
1258	มณี	บรรเทิงจิตร	หญิง
1259	ละออ	จันทามิ	หญิง
1260	บุญสม	จันทามิ	หญิง
1261	เตือนใจ	พัฒนกูล	หญิง
1262	จำลอง	พยัคเวช	หญิง
1263	ปรียา	ยีทองภา	หญิง
1264	สอิ้ง	ตะกรุดทอง	หญิง
1265	สมใจ	อบเชย	หญิง
1266	บุญชุบ	สุริยันต์	หญิง
1267	โสภาพร	อยู่ทน	หญิง
1268	ปทุมพร	ประชานิยม	หญิง
1269	ปัทมา	ภู่ทอง	หญิง
1270	อรสา	คงนาม	หญิง
1271	ประไพ	อบเชย	หญิง
1272	สุรินทร์	คงนาม	ชาย
1273	นิตยา	พุทธสุนทร	หญิง
1274	สมบัติ	อยู่ทน	ชาย
1275	วิภาวดี	ปานล้ำเลิศ	หญิง
1276	จำปา	แสงหล่อ	หญิง
1277	อารมณ์	สุรพันธ์	หญิง
1278	สงวน	ดีสวาสดิ์	หญิง
1279	วดี	วณิชยธนากร	หญิง
1280	สมศรี	ดีสวาสดิ์	หญิง
1281	ทศพร	กลิ่นระรวย	ชาย
1282	กสิณ	เล่งฮ้อ	ชาย
1283	ละออ	ฉัตรปราณี	หญิง
1284	พลวัฒน์	โกพล	ชาย
1285	วัลลภา	ระเบียบ	หญิง
1286	สณฑยา	ตันญาศิริ	ชาย
1287	ธนภรณ์	สงวนสมบัติ	หญิง
1288	นิสา	สว่างตา	หญิง
1289	สิริวรรณ	กลิ่นฟู	หญิง
1290	บุญมี	นุชเกษม	ชาย
1291	อำพร	อยู่ตระกูล	หญิง
1292	สุภาวดี	สิทธิกรโสมนัส	หญิง
1293	อภิญญา	ทัศญาณุวัฒน์	หญิง
1294	สุมิตรา	เมืองรมย์	หญิง
1295	อาบ	ขำมณี	ชาย
1296	ศุภลักษณ์	กิตติศักดิ์ภิญโญ	หญิง
1297	ฐิติพร	กลิ่นพิกุล	หญิง
1298	สุพิศ	ธุระพันธุ์	หญิง
1299	สงวน	สอนพฤกษา	หญิง
1300	อารีวรรณ	จันทรพงษ์	หญิง
1301	ดวงพร	มรรควิถี	หญิง
1302	พิษณุ	วงษ์ศิริ	ชาย
1303	ศิรดา	เจียมศิริ	หญิง
1304	นิภา	คี้สุคนธ์	หญิง
1305	ลำภา	วงษ์ศิริ	หญิง
1306	ประนอม	ป้านสกุล	หญิง
1307	เพียรศรี	ยุทธภิญโญ	หญิง
1308	ลักขณา	อร่ามรัตนพันธุ์	หญิง
1309	จุรี	แสงหล่อ	หญิง
1310	วัลลยา	บัวงาม	หญิง
1311	คณารัชต์	ชัยศาสตร์	หญิง
1312	ชุติมา	เกิดประกอบ	หญิง
1313	ฉัตรชัย	ชัยพฤกษ์วัฒนา	ชาย
1314	ไพโรจน์	ชัยพฤกษ์วัฒนา	ชาย
1315	พรทิพย์	สดวกดี	หญิง
1316	อารีย์	อุดมสวัสดิ์	หญิง
1317	มาลี	เหมือนมณี	หญิง
1318	ณัฏฐนันธ์	จันทร์จำรัส	หญิง
1319	ทศพร	ทรัพย์สมบูรณ์	ชาย
1320	สุนันทา	ทรงลักษณ์	หญิง
1321	ดวงกมล	ศรีนวลนัด	หญิง
1322	เกศรา	พูลสวัสดิ์	หญิง
1323	ชูศักดิ์	นิวรวรรณ	ชาย
1324	ชัญญภัส	ใจสุภาพ	หญิง
1325	อ้อมฤดี	นาคะ	หญิง
1326	เพลินจันทร์	มีสินธุ	หญิง
1327	จิรภา	น้อยอำแพง	หญิง
1328	จุฑามาศ	สมบัติเจริญ	หญิง
1329	พัชรี	บุรีงาม	หญิง
1330	สมชาย	สุขนิยม	ชาย
1331	กนกพร	บรรจงแสวง	หญิง
1332	สาโรจน์	นวมนาคะ	ชาย
1333	สมบัติ	บริบูรณ์	ชาย
1334	ชิ้น	เพียรทรัพย์	ชาย
1335	สุขสวัสดิ์	ศรีสุข	ชาย
1336	ดวงรัตน์	มณีสลับ	หญิง
1337	พัชรินทร์	เพียรทรัพย์	หญิง
1338	ศศิธร	เติมธนะศักดิ์	หญิง
1339	บัวจง	ชะโลธร	หญิง
1340	เสงี่ยม	เนียมนรา	หญิง
1341	นิรมล	หอมตลบ	หญิง
1342	ศุภิศา	เจียมจรรยา	หญิง
1343	รชยา	เข็มกำเหนิด	หญิง
1344	ทิพย์วิมล	เนียมนรา	หญิง
1345	พีริยา	เสริมชีพ	หญิง
1346	บุญรัต	อรรคสุทธิกุล	หญิง
1347	รุ่งรัชนี	ฮกประจง	หญิง
1348	วิชัย	โสรัตยาทร	ชาย
1349	สำรวย	สุขทวี	ชาย
1350	พิกุล	อ่วมเศรษฐี	หญิง
1351	วิกานดา	ทรงไทย	หญิง
1352	วิไล	รอดรัศมี	หญิง
1353	สุนทร	ธนิกกุล	หญิง
1354	เชาว์	ศิลปอุดม	ชาย
1355	ทรง	สอนประสาร	หญิง
1356	สุวรรณา	บุญลอย	หญิง
1357	ธนพร	สอนประสาร	หญิง
1358	ชาลินี	ศิลปอุดม	หญิง
1359	ลำยอง	บำรุงชาติ	หญิง
1360	บุญสม	จันทร์ดารา	หญิง
1361	สุชล	สุขเกษม	ชาย
1362	วิรัตน์	สีสด	ชาย
1363	รุ่งกานดา	สุขเกษม	หญิง
1364	สุกัญญา	ตันศิริ	หญิง
1365	คงศักดิ์	แซ่เบ๊	ชาย
1366	อาภรณ์	ดำโสภา	หญิง
1367	อัจฉรา	ยอแซฟ	หญิง
1368	บุญเกื้อ	ยอแซฟ	หญิง
1369	วราภรณ์	บัญชาวิมลเชษฐ์	หญิง
1370	ปัทมา	ทองเชื้อ	หญิง
1371	สมพิศ	ทองเชื้อ	หญิง
1372	กัลยาณี	จันทรแพร่	หญิง
1373	ขนิษฐา	ทองเชื้อ	หญิง
1374	จีราวรรณ	ไชยศรีชาด	หญิง
1375	กมลวรรณ	ทองเชื้อ	หญิง
1376	จันทนา	เงินงาม	หญิง
1377	เกษราภรณ์	จันทรแพร่	หญิง
1378	มลิวัลย์	บุญเพ็ชร์	หญิง
1379	น้ำทิพย์	แดงอุดม	หญิง
1380	ถนอม	ยอดเยี่ยม	หญิง
1381	ดุสิดา	จันทร์วิรัช	หญิง
1382	วราภรณ์	มันทะกะ	หญิง
1383	มุกดา	ปริญญาธนากร	หญิง
1384	สมวงศ์	กาญจนวงศ์	หญิง
1385	วิจิตรา	บุญรักษา	หญิง
1386	ลัดดา	สงวนไพบูลย์	หญิง
1387	ทองดี	ทวีสุข	หญิง
1388	สนิท	สุจริตรักษ์	ชาย
1389	แก้วตา	จิตรแก้วผดุง	หญิง
1390	สุภาพ	โภชนพันธ์	หญิง
1391	วิยดา	สุจริตรักษ์	หญิง
1392	รัตนา	ฉันทานุลักษณ์	หญิง
1393	อรุณี	ประคองคุณ	หญิง
1394	โสภณ	ศิริศักดิ์วัฒนกุล	ชาย
1395	วันนี	เมฆใจดี	หญิง
1396	นาวิน	ฉันทานุลักษณ์	ชาย
1397	สุนิสา	สาริกานนท์	หญิง
1398	ธัญวลัย	สิทธิโยธ๊	หญิง
1399	วิฑูรย์	อาชาพานิช	ชาย
1400	วิไลวรรณ	อาชาพานิช	หญิง
1401	เพ็ญจันทร์	วีระปรีชานนท์	หญิง
1402	จันทิมา	อาชาพานิช	หญิง
1403	สุรศักดิ์	เอ็นดู	ชาย
1404	สมประสงค์	ล้ำประเสริฐ	ชาย
1405	พรนรินทร์	เอ็นดู	ชาย
1406	เกษม	คณาวงษ์	ชาย
1407	เชิดศักดิ์	พฤกษประมูล	ชาย
1408	จุฑามาส	สัตย์สมบูรณ์	หญิง
1409	มะลิวรรณ	เอ็นดู	หญิง
1410	วิภา	บุญประคอง	หญิง
1411	เปรมจิตร	ทรัพย์สำราญ	หญิง
1412	สักชัย	จูด้วง	ชาย
1413	ชูจิตร์	ฮู้ทรง	หญิง
1414	ทองพูน	สุดแสง	หญิง
1415	อังคณา	ลิปิสุนทร	หญิง
1416	ศิริคณา	ทรงแสง	หญิง
1417	สมบัติ	อ่วมประเสริฐ	หญิง
1418	เกษร	ลีประเสริฐ	หญิง
1419	สมบัติ	สายทองคำ	หญิง
1420	สุภาพร	สายทองคำ	หญิง
1421	ประเสริฐ	มีสมบูรณ์	ชาย
1422	ชัชฎา	จูด้วง	หญิง
1423	นันทพร	บัวศิริ	หญิง
1424	ทองม้วน	เทียมศรี	หญิง
1425	วนิดา	แสงพิทักษ์	หญิง
1426	จำรัส	ถึงสุข	หญิง
1427	โสภา	แก่นจำปี	หญิง
1428	ปราณี	ภมร	หญิง
1429	ชนากานต์	บุญเชิด	หญิง
1430	ฟองแก้ว	ฮั้นประเสริฐ	หญิง
1431	บุญขวัญ	สุขสะอาด	หญิง
1432	วันเพ็ญ	ทรงแสง	หญิง
1433	มณีแก้ว	สุขสะอาด	หญิง
1434	นิภา	สุขสะอาด	หญิง
1435	พนม	พยัคเหลือง	ชาย
1436	ระภีพรรณ	ศิริ	หญิง
1437	บังอร	จันทโชติ	หญิง
1438	สำรวย	บุตรพานิช	หญิง
1439	กนกพร	ตมะวิโมกษ์	หญิง
1440	เดือนฉาย	บุญเจริญ	หญิง
1441	สุชาดา	หลิมสกุล	หญิง
1442	ชม	จันทร์ทอง	หญิง
1443	สุจิต	ปานะสังข์	หญิง
1444	สมจิตร์	ทองยัง	หญิง
1445	รัตนา	ลาภพูนประเสริฐ	หญิง
1446	มณี	ภานุมาส	หญิง
1447	ภักดี	ภานุมาส	ชาย
1448	สมใจ	สายสุนีย์	หญิง
1449	วัฒนา	ธนิกกุล	หญิง
1450	สมจิตต์	ลัดดาวัลย์	ชาย
1451	ดิเรก	ทองประสงค์	ชาย
1452	ส้มลิ้ม	ปิ่นโสภา	หญิง
1453	พเยาว์	บัวขาว	หญิง
1454	สุนันท์	หัตถกรรม	หญิง
1455	สำราญ	จันทโชติ	หญิง
1456	เฉลียว	จันทร์พิภพ	หญิง
1457	บุญเลิศ	ไม่น้อย	ชาย
1458	จันทร์	สินประเสริฐ	หญิง
1459	เสมอ	เหล่าเขตกิจ	ชาย
1460	บุญเลิศ	พุ่มไพบูลย์	ชาย
1461	ทองขาว	เฉียมวิจิตร์	หญิง
1462	สวาท	ยอดยาจิตร์	ชาย
1463	สง่า	แย้มสำรวล	หญิง
1464	อุบลรัตน์	รัตนะกุ	หญิง
1465	สุณีย์	แก้ววิจิตร์	หญิง
1466	ทัศนีย์	ศรีโยธา	หญิง
1467	อัมพร	ปิ่นเนตร์	หญิง
1468	มณี	แสงทับทิม	หญิง
1469	วันเพ็ญ	จันทรพิภพ	หญิง
1470	บุญเชิด	โกวินฮ้อ	ชาย
1471	อรุณ	ชุดสว่าง	หญิง
1472	ภาวิณี	รัตนหิรัญ	หญิง
1473	อริสา	ทรงเจริญ	หญิง
1474	กาญจนา	เลิศฤทธา	หญิง
1475	ประไพ	ศิริวิลาศ	หญิง
1476	นภา	จิตต์อุทัศน์	หญิง
1477	ศิวพร	สัตยวินิจ	หญิง
1478	อมรา	เนติพัฒน์	หญิง
1479	ยุพิน	อรุณแจ้ง	หญิง
1480	ละม่อม	ทรัพย์สุทธิ์	หญิง
1481	เกศิณี	ศรีโสภณ	หญิง
1482	ธนธัญ	เนติพัฒน์	หญิง
1483	สมใจ	รักชื่น	หญิง
1484	ปราณี	เทียนไชย	หญิง
1485	สุพัตรา	เฮงเรืองศิริ	หญิง
1486	จีบ	สุขเกษม	หญิง
1487	อำพล	จวบสมัย	ชาย
1488	จง	คงแคล้ว	ชาย
1489	ประเทือง	แท่นทอง	หญิง
1490	พัชชานันท์	พลวัตสกุลวงษ์	หญิง
1491	ระเบียบ	รักษ์ปากกา	หญิง
1492	นเรศน์	รังศิริรักษ์	ชาย
1493	ยุพิน	บุษบก	หญิง
1494	พลับพลึง	บุษบก	หญิง
1495	อัญชรีย์	รังศิริรักษ์	หญิง
1496	สำเนียง	สนองสินธุ์	หญิง
1497	อริสรา	ราชปักษา	หญิง
1498	น้ำฝน	จอมหงษ์	หญิง
1499	ธนิต	รัตนหิรัญ	ชาย
1500	ศศิประภา	รัตนหิรัญ	หญิง
1501	เพ็ญศรี	หลงมา	หญิง
1502	จริยา	เปรมเจียม	หญิง
1503	อารยา	อารยอสนี	หญิง
1504	อัมพรทิพย์	เทียนศิริ	หญิง
1505	บุญตา	ณ	บางช้าง
1506	วรรณี	ทองอุดม	หญิง
1507	สมชัย	ขันติศรีสกุล	ชาย
1508	สมพร	น้อยมา	หญิง
1509	ชนัญญา	จิรสัจจานุกูล	หญิง
1510	พรทิพา	วิรุฬห์ชาตะพันธ์	หญิง
1511	ลลิตา	ม่วงเส็ง	หญิง
1512	นิภา	จารุพพัฒน์	หญิง
1513	นิคม	นิลประเสริฐ	ชาย
1514	กัณณิการ์	หวังสวัสดิ์	หญิง
1515	ประภาพร	หวังสวัสดิ์	หญิง
1516	แน่งน้อย	จันทร์ฉาย	หญิง
1517	สมบูรณ์	สรณตรัย	หญิง
1518	อภิชญา	มาลัยเกตุ	หญิง
1519	ยุพา	แตงอ่อน	หญิง
1520	เบญจางค์	กราบเครือ	หญิง
1521	จิราวรรณ	เนตรายน	หญิง
1522	วัชลีย์	วาทีวิวัฒน์	หญิง
1523	อุบล	นิลวงศ์	หญิง
1524	วิภาดา	กิติภักดี	หญิง
1525	จิตราภรณ์	กลิ่นจงกล	หญิง
1526	วัฒนชัย	อนุวัฒน์ตระกูล	ชาย
1527	ปรีชา	สังข์คุ้ม	ชาย
1528	วราพัณณ์	ธีรเสนีย์ชาติ	หญิง
1529	สมภพ	แสงมณี	ชาย
1530	จูงใจ	แก้ววิศิษฐ์กุล	หญิง
1531	ฐิดาภา	วิทยากุลวงศ์	หญิง
1532	ชรินทร์	บุญภมร	ชาย
1533	เทิด	ทิมสุวรรณ	ชาย
1534	สมชาย	เกียรติภมร	ชาย
1535	สุรีย์	พรพิมลวัฒน์	หญิง
1536	เสงี่ยม	วรรณสกุล	ชาย
1537	พรนัชชา	แสงมณี	หญิง
1538	วรัตน์	ครุฑธา	หญิง
1539	ประพันธ์	พวงแก้ว	ชาย
1540	สุพจน์	พลเนียม	ชาย
1541	เพ็ญรุ่ง	จิตต์จำนงค์	หญิง
1542	เฉลา	คุ้มล้วนล้อม	หญิง
1543	เฉลย	คุ้มล้วนล้อม	หญิง
1544	สมบัติ	พุ่มกระจ่าง	ชาย
1545	รัตนา	นิ่มวรรณัง	หญิง
1546	วิเชียร	เผือกผล	หญิง
1547	สมหวัง	ทัดจำปา	หญิง
1548	ประสิทธิ์	เฉลิมทรง	ชาย
1549	มนัส	จันทร์ประชุม	ชาย
1550	ณรงค์	ณ	บางช้าง
1551	อารีรัตน์	ณ	บางช้าง
1552	สุรชัย	สุขวรรณโรจน์	ชาย
1553	เพียงพร	สร้างศิริ	หญิง
1554	ทัศนีย์	ถิรนันท์ไพโรจน์	หญิง
1555	นัยนา	ธีระปัญญาชัย	หญิง
1556	ประพัฒน์	กลิ่นจงกล	ชาย
1557	สมาน	เลิศรัตน์พัฒนา	ชาย
1558	เจียม	บุญมีรอด	ชาย
1559	กาญจนี	ขันติวณิชย์	หญิง
1560	อรปภา	แสงวณิช	หญิง
1561	วชิรา	สุทธิศักดิ์ศรี	หญิง
1562	บุญมี	ณ	บางช้าง
1563	ภัทรภร	กฤตนันท์	หญิง
1564	สรัญญา	แสงสว่าง	หญิง
1565	วิเชียร	แสงภู	ชาย
1566	จรรยา	ตันธนวิกรัย	หญิง
1567	รุ่งอรุณ	มนตะเสวี	หญิง
1568	บุบผา	น้อยเอี่ยม	หญิง
1569	รัชนี	ณ	บางช้าง
1570	ชลลดา	จันทร์โต	หญิง
1571	วิไลพร	ทองจิตร์	หญิง
1572	ไพลิน	ตันสกุล	หญิง
1573	ศิริวรรณ	ตัจฉกานันท์	หญิง
1574	สำราญ	ทองจิตร์	หญิง
1575	พวงเพ็ชร	เอื้อสุนทร	หญิง
1576	โชคชัย	เจียมจิตร	ชาย
1577	โปร่ง	จ้ำเจริญผล	ชาย
1578	วันเพ็ญ	เงินประเสริฐ	หญิง
1579	บุญเรือง	เสียงหวาน	หญิง
1580	ธวัชชัย	ศรสั่งอาจ	ชาย
1581	สุมาลี	ตันติรักส์	หญิง
1582	อนงค์	ตันติภัณฑรักษ์	หญิง
1583	สายพิณ	อินทรวัตร	หญิง
1584	เกษม	แย้มกรานต์	ชาย
1585	กองแก้ว	เกษตระกูล	หญิง
1586	ระพีกุล	ศรีสังวรณ์	หญิง
1587	นภา	ทานต์ชิติพร	หญิง
1588	วราพร	ศรีประภา	หญิง
1589	ศรีสุวิภา	ดวงมรกต	หญิง
1590	กลอง	ตันบริภัณฑ์	หญิง
1591	เรณู	จันเปี่ยม	หญิง
1592	จินตนา	ภู่นาค	หญิง
1593	ราตรี	พูลผล	หญิง
1594	ถนอม	ตันบริภัณฑ์	หญิง
1595	สุวรรณีย์	ตันบริภัณฑ์	หญิง
1596	สมพร	พูลผล	หญิง
1597	รุ่งทิพย์	จันทราทิพย์	หญิง
1598	บุญส่ง	ภู่สุวรรณ	หญิง
1599	ยุพิน	มูลลออ	หญิง
1600	สุนีย์	กล้ายประยูร	หญิง
1601	เจริญ	พงศ์เกษม	ชาย
1602	นงนุช	นุรัญชา	หญิง
1603	สิรินันท์	ดาปาน	หญิง
1604	สถิตย์	สังข์พบุโชติ	ชาย
1605	สุมาลี	อ่ำสำลี	หญิง
1606	วาสนา	พับแผ่นทอง	หญิง
1607	สำราญ	ถิ่นถาน	ชาย
1608	วิษณุ	สุวรรณอาศน์	ชาย
1609	จุฑากาญจน์	นิลพงศ์	หญิง
1610	นันทนา	คล้ายบุญมี	หญิง
1611	อุษา	มารื่น	หญิง
1612	เรณู	วรวัฒน์	หญิง
1613	จรีรัตน์	คำเงิน	หญิง
1614	การะเกด	มาศรีจันทร์	หญิง
1615	นุชนาถ	วิมลทอง	หญิง
1616	ใจมณี	อร่ามดี	หญิง
1617	ทิพยวรรณ	ปานช่อ	หญิง
1618	สุกัญญา	เปล่งผึ่ง	หญิง
1619	พรรณี	วรวัฒน์	หญิง
1620	จิตรา	แย้มกรานต์	หญิง
1621	ฉอ้อน	จันทรัตน์	หญิง
1622	ส่องอัมพร	ปรีชาศิลป์	หญิง
1623	ใจ	กลิ่นอภัย	หญิง
1624	มนัญญา	สาคลาไคล	หญิง
1625	นาตยา	กลิ่นอภัย	หญิง
1626	เพ็ญศรี	ยิ่งสวัสดิ์	หญิง
1627	จันทรแรม	พุ่มพฤกษา	หญิง
1628	ฐิติวัฒน์	ยิ่งสวัสดิ์	ชาย
1629	ยุภา	ทิมอินทร์	หญิง
1630	กาญจนา	ดวงจันทร์	หญิง
1631	มะลิ	แสงพุ่ม	หญิง
1632	มาลี	ลี้สกุล	หญิง
1633	ประสิทธิ์	เผยพจน์	ชาย
1634	วินัย	ชมละม้าย	ชาย
1635	สมใจ	ชูกลิ่น	หญิง
1636	ทองหล่อ	ปรีชาศิลป์	ชาย
1637	ณรงค์ศักดิ์	คล้ายบุญมี	ชาย
1638	วรรณา	ด้วงฉิม	หญิง
1639	แฟง	นาคพุฒ	ชาย
1640	ยุวรินทร์	เลิศพิมพกานต์	หญิง
1641	วันชัย	ด้วงฉิม	ชาย
1642	เอกรินทร์	คล้ายบุญมี	ชาย
1643	นงลักษณ์	เอี่ยมสระศรี	หญิง
1644	แน่งน้อย	สุทธิไพศาล	หญิง
1645	บุญส่ง	ทับศรี	หญิง
1646	ฉายศรี	กาญจนะวสิต	หญิง
1647	สำรวย	เมฆอุดม	หญิง
1648	อังคณา	จันทร์วิลัย	หญิง
1649	ทร	เดชหลำ	ชาย
1650	นิตยา	นิยมเวช	หญิง
1651	สิริณัฏฐ์	ผุลละศิริ	หญิง
1652	วัฒนี	นิยมเวช	หญิง
1653	วันชนะ	ผุลละศิริ	ชาย
1654	โกสุม	เงินยวง	หญิง
1655	วิจิตต์	หมู่ผึ้ง	ชาย
1656	ดนิตา	ง่วนเซี่ยว	หญิง
1657	เกรียงกมล	เกตุทอง	ชาย
1658	พวงพยอม	ตันฮวด	หญิง
1659	ฉวีวรรณ	พงษ์สมบูรณ์	หญิง
1660	สมชาติ	ปานเพ็ชร	ชาย
1661	ชูเชิด	สุขเกษม	ชาย
1662	ประจักษ์	สุขเกิดผล	ชาย
1663	ปราณี	เทียนประเสริฐ	หญิง
1664	อัจฉรา	แก้วปู่วัตร	หญิง
1665	เกษม	เทียมสมชาติ	ชาย
1666	มานพ	วาตะยัง	ชาย
1667	ทัศนี	ฉ่ำบุญรอด	หญิง
1668	วันเพ็ญ	กุลชลา	หญิง
1669	ชูชีพ	สุขเกษม	ชาย
1670	ธนาภร	กึ่งวงษ์	หญิง
1671	วสวัตดิ์	หลงสวาท	ชาย
1672	วิเชียร	เจริญรัตน์	ชาย
1673	สถาพร	สวัสดี	ชาย
1674	จันทร์	ตันจันทร์	ชาย
1675	ณรงค์	แผนคู้	ชาย
1676	นฤมล	รื่นกระมล	หญิง
1677	สง่า	สวัสดี	ชาย
1678	สำราญ	ธรรมสวัสดิ์	หญิง
1679	สุเมท	เจริญพล	ชาย
1680	รตี	เจริญพล	หญิง
1681	ณรงค์	บุญปลอด	ชาย
1682	จิรวัฒน์	อนันตกลิ่น	ชาย
1683	อุษา	คเชนทร	หญิง
1684	ประไพ	เกตุกาญจน์	หญิง
1685	นิพล	บังแสง	ชาย
1686	สนาน	จันทรมงคล	ชาย
1687	สุดารัตน์	จันทร์คง	หญิง
1688	สาลี่	มิตรพิทักษ์	หญิง
1689	เสาวณี	สุขทวี	หญิง
1690	กฤษณะ	จันทรมงคล	ชาย
1691	กาญจนา	ครูศรี	หญิง
1692	วิจิตต์	หมู่ผึ้ง	ชาย
1693	ยงยุทธ	สอนเทศ	ชาย
1694	สรัญญา	มิ่งสรรพางค์	หญิง
1695	วนิดา	พุ่มกระจ่าง	หญิง
1696	พิชิต	เกิดแก้ว	ชาย
1697	ราตรี	เครือวัลย์	หญิง
1698	มณฑา	ทรัพย์แต้ม	หญิง
1699	สุพรรณณา	เย็นพายัพ	หญิง
1700	สสิธร	เครือวัลย์	หญิง
1701	วราวุฒิ	คชาชาติ	ชาย
1702	พรพรรณ	เธียรประดิษฐ์	หญิง
1703	วิน	พวงวาสนา	หญิง
1704	สุยิน	ช้อยสกุล	ชาย
1705	บุญเรือน	เรืองโรจน์	หญิง
1706	สายจิตร	อาจหาญ	หญิง
1707	ระพีร์ปภัสร์	ประจักรจิตร์	หญิง
1708	วรรณา	ซินแซ	หญิง
1709	นุกูล	เรืองโรจน์	ชาย
1710	สัมฤทธิ์	ถาวะรานนท์	หญิง
1711	สมปอง	อากรกำเหนิด	หญิง
1712	วรชพร	ประเสริฐจิต	หญิง
1713	ไพรินทร์	พลเวียง	หญิง
1714	กาญจนา	เจริญสกุลชัยพร	หญิง
1715	อรพรรณ	วรรณเจริญโชคดี	หญิง
1716	สุธาวรรณ์	ขันกำเหนิด	หญิง
1717	พิมพ์พจี	หนวิชิต	หญิง
1718	อัมพร	คชาชาติ	หญิง
1719	วีณา	คำเล็ก	หญิง
1720	สุรินทร์	น้ำฉ่ำ	หญิง
1721	สัญญา	แซ่อึ้ง	หญิง
1722	เพ็ญพิชชา	น่วมกระสิน	หญิง
1723	ปวริศา	ชื่นใจ	หญิง
1724	ณรงค์	ธรรมสวัสดิ์	ชาย
1725	ไทร	ธรรมสวัสดิ์	ชาย
1726	สำเนียง	รัตนพิทักษ์	หญิง
1727	จำปา	คุ้มศิริ	หญิง
1728	นุชนาฎ	ทองสุข	หญิง
1729	แสนสุข	ภานุมาศ	ชาย
1730	ธัญพร	สุขเกษม	หญิง
1731	พรทิพย์	ประดิษฐ์ทรง	หญิง
1732	แจ๋ว	ประชานิยม	หญิง
1733	พัฒนา	นิลรัตน์	หญิง
1734	วิชา	พูลประเสริฐ	ชาย
1735	อำไพ	นิลรัตน์	หญิง
1736	ศิริธร	แตงพวง	หญิง
1737	กรรนิกา	กองทอง	หญิง
1738	เทียม	คนตรง	ชาย
1739	คีรีณัฐ	เกิดแก้ว	หญิง
1740	จำรัส	คงน้อย	หญิง
1741	สนั่น	ปานาพุฒ	ชาย
1742	ยงค์	โสวจันทร์	ชาย
1743	ประภา	เกิดแก้ว	หญิง
1744	รัตติยา	ธรรมสวัสดิ์	หญิง
1745	ติณณภพ	เกิดแก้ว	ชาย
1746	เดชา	ล้ำเลิศ	ชาย
1747	บุญยวน	ทองอำไพ	หญิง
1748	เกษร	แก้วใส	หญิง
1749	สารภี	อยู่ชาติ	หญิง
1750	นงนาฎ	นาคสวาสดิ์	หญิง
1751	นิลรัตน์	ศรัทธาพูน	หญิง
1752	เรวดี	วรรณะ	หญิง
1753	บุญเรือง	เปลี่ยนสายทอง	หญิง
1754	จำเนียร	คุ้มครอง	หญิง
1755	ชมพูนุช	นวมนาคะ	หญิง
1756	สนม	นิ่มนวล	หญิง
1757	ละเอียด	จิตอร่าม	หญิง
1758	ญาณี	นาคะมะนัง	หญิง
1759	มาริษา	ลือรัตนตระกูล	หญิง
1760	ศรารัศม์	เล่ห์วิสุทธิ์	หญิง
1761	สุภาพ	รื่นสุคนธ์	หญิง
1762	ประดับ	มณีวิหค	หญิง
1763	พรศรี	เอกัง	หญิง
1764	ถนอม	อ่อนละมูล	หญิง
1765	สาหร่าย	ศรีวงศ์	หญิง
1766	พลอย	ปานมา	ชาย
1767	เจริญ	พุทธสวัสดิ์	หญิง
1768	มาลี	ทวีสินธนานนท์	หญิง
1769	กุลเกตุ	แพรุ้งสกุล	หญิง
1770	ขวัญชัย	เรือนทอง	ชาย
1771	สนาน	รัตนเบย	ชาย
1772	แฉล้ม	สนองสินธุ์	หญิง
1773	พณณกร	รัศมีโชติ	หญิง
1774	จำรัส	แก้วลิขิตสัจกุล	หญิง
1775	วันเพ็ญ	น่วมธนัง	หญิง
1776	ชมพูนุท	กรังพานิช	หญิง
1777	ดวงแข	นันทสังข์	หญิง
1778	ผัน	นิ่มวรรณัง	หญิง
1779	ทองสุก	จีนเจนกิจ	หญิง
1780	สมหมาย	แซ่ตัน	หญิง
1781	วารินทร์	แซ่ตัน	หญิง
1782	แสงจันทร์	โพธิ์ทองสุข	ชาย
1783	ฉวี	เนมีย์	หญิง
1784	นวลอนงค์	คล้ำจีน	หญิง
1785	สมจิตต์	ปลื้มประสิทธิ์	หญิง
1786	สุนิสา	ศีลอำนวยโชค	หญิง
1787	แก่น	ทิณวงค์	หญิง
1788	ฉลวยรัตน์	พุกเจริญ	หญิง
1789	จำรัส	ผลอินหอม	หญิง
1790	สมหวัง	เขียวรัตน์	หญิง
1791	สุนิสา	ท้วมเพ็ชร	หญิง
1792	เชื้อ	กลิ่นหอม	หญิง
1793	จิรวรรณ	สร้อยทอง	หญิง
1794	ยุวดี	เต็งสกุล	หญิง
1795	กุสุมา	ปานประเสริฐ	หญิง
1796	สมศักดิ์	วิรุณยะปาน	ชาย
1797	บุญชู	สุริยะ	หญิง
1798	บุญเยื้อง	อบเชย	หญิง
1799	สาย	โทธนะ	หญิง
1800	พิไลพร	แย้มวิเชียร	หญิง
1801	สำเริง	ขาวสอาด	ชาย
1802	ศิริสัมพันธุ์	ปลื้มใจ	หญิง
1803	ประชุม	ชื่นวารีย์	หญิง
1804	วาสิตา	สระคง	หญิง
1805	สมหมาย	เกิดศรี	หญิง
1806	อุไร	ชิ้นประเสริฐ	หญิง
1807	นงลักษณ์	เกิดศรี	หญิง
1808	พรทิพย์	ผึ้งงาม	หญิง
1809	ณิรดา	พิรอดรัตน์	หญิง
1810	สงบ	โต๊ะสกุล	หญิง
1811	เสาวนีย์	เซ็งสอน	หญิง
1812	พิมพ์ปวีณ์	อินทร์ชุ่ม	หญิง
1813	ลำจวน	พิรอดรัตน์	หญิง
1814	โสภณ	อมรรัตนเดโช	ชาย
1815	พรพรรณี	วรรณสกุล	หญิง
1816	บุญมา	เพ็งอุดม	หญิง
1817	ลัชยา	หอมรื่น	หญิง
1818	สำราญ	อยู่ดี	หญิง
1819	พวงทิพย์	สืบเสาะ	หญิง
1820	อุไร	น้อยวาที	หญิง
1821	อุไร	น้อยนิยม	หญิง
1822	นุชนารถ	รัสมี	หญิง
1823	เหม	ปลั่งเจริญผล	ชาย
1824	นิตยา	คุ้มอยู่	หญิง
1825	ทรงศรี	ปลั่งเจริญผล	หญิง
1826	วิรัช	บุญเล็ก	ชาย
1827	ชวน	มีสกุล	ชาย
1828	ศิริวรรณ	มีสกุล	หญิง
1829	ละมัย	สุขประเสริฐ	หญิง
1830	ปัทมาพร	โพธิ์พระ	หญิง
1831	อารี	จันทร	หญิง
1832	ประกอบ	จันทร์เกษม	ชาย
1833	มัลลิกา	เศียรเมฆัน	หญิง
1834	วสันต์	ภูผา	ชาย
1835	กันยารัตน์	อุยวรรณัง	หญิง
1836	สุณิชา	ปราบพาล	หญิง
1837	บุษบา	อมศิริ	หญิง
1838	ปภัสนุช	แสงวิสุทธิ์	หญิง
1839	จรรยา	เริ่มภักตร์	หญิง
1840	อรัญญา	กลิ่นสักโก	หญิง
1841	ราตรี	ยังมีสุข	หญิง
1842	ทองชุบ	พุ่มแตงอ่อน	ชาย
1843	สุรศักดิ์	สร้อยระย้า	ชาย
1844	ประไพฤดี	กลิ่นสักโก	หญิง
1845	กำไล	พรเลิศ	หญิง
1846	ระเบียบ	เพ็งอุดม	หญิง
1847	ณัฐพงษ์	เฮี้ยนชาศรี	ชาย
1848	สนั่น	แดงสกุล	หญิง
1849	ชลอ	คุ้มล้วนล้อม	ชาย
1850	วิยะดา	ศรีเจริญ	หญิง
1851	สมส่วน	สิริธิติพงศ์	หญิง
1852	วิทยา	ภู่อาวรณ์	ชาย
1853	ดุษณี	ภู่อาวรณ์	หญิง
1854	พีระ	คล้ำจีน	หญิง
1855	เกศสุดา	จันทร์เกษมมณี	หญิง
1856	พเยาว์	ระเขียว	หญิง
1857	วิมล	พรหมบุรี	ชาย
1858	มานพ	สาสนะกูล	หญิง
1859	ละเอียด	เฟื่องฟู	หญิง
1860	เปรมิกา	ซื้อสกุล	หญิง
1861	วรรณาฏ	อยู่กุญชร	หญิง
1862	ละมัย	สาสนะกูล	หญิง
1863	สุวรรณา	โชติ	หญิง
1864	กุหลาบ	ช่วงโพธิ์ทอง	หญิง
1865	ศิริวรรณ	เปลี่ยนศรี	หญิง
1866	แสง	เปลี่ยนศรี	หญิง
1867	สิน	เปลี่ยนศรี	หญิง
1868	สุนิศา	วิจิตรโชติ	หญิง
1869	อรสา	สมพิทักษ์	หญิง
1870	รุ่งนภา	บุญฤทธิ์	หญิง
1871	ละเอียด	วิจิตรโชติ	หญิง
1872	ศักดา	สินสุภะ	ชาย
1873	ธนัญกรณ์	สินสุภะ	หญิง
1874	มะลิ	บุญพยุง	หญิง
1875	บุญเพ็ญ	เชิดชู	หญิง
1876	ชนะภัย	บางแจ้ง	ชาย
1877	ดวงพร	บุญพยุง	หญิง
1878	ประมวล	บุญฤทธิ์	หญิง
1879	อารยา	แก้วสมภักดิ์	หญิง
1880	ฐิติกาญจน์	คชเสนีย์	หญิง
1881	ลิ้นจี่	ตันเรืองศรี	หญิง
1882	สมนึก	อ่วมจำรัส	ชาย
1883	ลักษณา	อ่วมจำรัส	หญิง
1884	ณัฏฐ์มนท์	แก้วสมภักดิ์	หญิง
1885	สมฤดี	ทัศนะธาร	หญิง
1886	ธนกร	มีศิริ	ชาย
1887	เฉลา	จันทร์แจ่ม	หญิง
1888	เกศิณี	มีคง	หญิง
1889	สมพร	สันทัดพร้อม	หญิง
1890	เยื่อ	อยู่สมบูรณ์	หญิง
1891	ลำยอง	เกิดดี	หญิง
1892	สุกัญญา	อยู่สมบูรณ์	หญิง
1893	มณฑา	บุญลือ	หญิง
1894	ปรีชา	รอดกำเนิด	ชาย
1895	เสาวณีย์	ชื่นใจทับ	หญิง
1896	จารุณี	คลังเงิน	หญิง
1897	เสน่ห์	คลังเงิน	ชาย
1898	นพพร	เพชรดารากุล	ชาย
1899	เทือง	บุญนุช	หญิง
1900	ประนอม	ปิ่นเนตร	หญิง
1901	อุไร	นาคะ	หญิง
1902	นฤมล	อ้นเล็ก	หญิง
1903	อุดม	หงษ์ยนต์	หญิง
1904	รัชนี	กล่อมเดช	หญิง
1905	มลิ	มีนคร	หญิง
1906	ดิเรก	ดวงรัตน์	ชาย
1907	เอมอร	โพธิผลิ	หญิง
1908	สมพร	ปิ่นเนตร	หญิง
1909	โสภา	ชุ่มแสง	หญิง
1910	จรินทร์	แก้วสระแสน	ชาย
1911	ธนพล	สุขสวัสดิ์	ชาย
1912	น้องนุช	นาคแคล้ว	หญิง
1913	สุชานัน	คงนาม	หญิง
1914	ศิริพรรณ	คงกลิ่น	หญิง
1915	อเนก	คงนาม	หญิง
1916	ไพโรจน์	นาคแคล้ว	ชาย
1917	ปาริชาติ	คล้ายอุดม	หญิง
1918	ลำเพย	กำศิลปชัย	หญิง
1919	อุดม	ม่วงเส็ง	หญิง
1920	ลาวัลย์	พันธ์คำสิงห์	หญิง
1921	สมพิศ	กำศิลปชัย	หญิง
1922	วราพร	วิทยากุลวงศ์	หญิง
1923	สาคร	ลอยมา	หญิง
1924	วัชรา	ลอยมา	หญิง
1925	สมบุญ	ธีระปัญญาชัย	หญิง
1926	อุษา	เอมโกษา	หญิง
1927	เบ็ญจา	วอทอง	หญิง
1928	นวลจันทร์	เพ็ญศรี	หญิง
1929	กรนันท์	หวังกิจ	หญิง
1930	ทองสุข	มรรคเจริญ	หญิง
1931	ลดาวัลย์	เบือนคำ	หญิง
1932	สุรีรัตน์	สันทัดพร้อม	หญิง
1933	สุวลักษณ์	เอมโกษา	หญิง
1934	สุวลัษณ์	เอมโกษา	หญิง
1935	สมาน	ขันกำเหนิด	ชาย
1936	นลินี	สกุลนุ่ม	หญิง
1937	คล้อย	สกุลนุ่ม	ชาย
1938	รดาธร	สุนทรารักษ์	หญิง
1939	กัลยาณี	สมสกุล	หญิง
1940	หลาน	ไชยโชค	หญิง
1941	พรทิพย์	สังขพูล	หญิง
1942	สมจิตร์	เล็กประเสริฐ	หญิง
1943	เสนาะ	ฉิมเครือวัลย์	หญิง
1944	อรัณญาพร	สิริธนาณุวงศ์	หญิง
1945	บุญศรี	เกษนาง	ชาย
1946	สุรินทร์	เก่งสกุล	ชาย
1947	บุญสม	สังข์พูน	หญิง
1948	พรทนา	สาระเพ็ชร	หญิง
1949	อชิระ	เหล่าชูชัยสกุล	ชาย
1950	เบญจวรรณ	เข็มหนู	หญิง
1951	นายศุภฤกษ์	แย้มสุข	ชาย
1952	วาสนา	ขันสาคร	หญิง
1953	อรพินท์	กลิ่นบุญมี	หญิง
1954	สุกานดา	ประเทศ	หญิง
1955	พรทิพย์	จันทร์เกษม	หญิง
1956	นพพร	คำผ่อง	ชาย
1957	วันเพ็ญ	รอดโต	หญิง
1958	อโนชา	หนูเทศ	หญิง
1959	ปทุม	จูสกุล	หญิง
1960	ภรภัทร	จงกลรอด	หญิง
1961	อโนชา	หลีสุวรรณ์	ชาย
1962	สุริชัย	ทองเบ็ญจวัฒน์	ชาย
1963	สุเทพ	ประเสริฐลักษณา	หญิง
1964	ผึ้งน้อย	จันทร์สนิท	หญิง
1965	สัมพันธ์	จันทร์สนิท	ชาย
1966	อารมณ์	ภาสพันธุ์	หญิง
1967	ชัยวัฒน์	จั่นบุญมี	ชาย
1968	บุญยิ่ง	เรืองคะชา	หญิง
1969	ยุพา	ป้านแก้ว	หญิง
1970	สายัณห์	เมืองอินทร์	ชาย
1971	อรพิน	หอมการะเกษ	หญิง
1972	ประเสริฐ	เฮงประเสริฐ	หญิง
1973	เตือนใจ	จันทรตัง	หญิง
1974	ไฉไล	เกิดประกอบ	หญิง
1975	พัฒนีย์	เกิดประกอบ	หญิง
1976	ทิพวัลย์	เนติพัฒน์	หญิง
1977	เจริญศรี	ภาณุมาศ	หญิง
1978	วันดี	เยาวะภา	หญิง
1979	สมหมาย	บุญประเสริฐ	หญิง
1980	ถวิล	พัฒโน	หญิง
1981	สุวรรณา	งามสม	หญิง
1982	สุรีย์	จุ้ยมะณี	หญิง
1983	น้อย	พรหมดำรงค์	หญิง
1984	ชัยยันต์	เจียมศิริ	ชาย
1985	กฤตยา	พระแก้ว	หญิง
1986	นันทพล	ไพบูลย์กุลกร	ชาย
1987	จำเนียร	เกิดปัญญา	หญิง
1988	อรัชพร	ศรีคต	หญิง
1989	ชัชรี	ทองเปี่ยม	หญิง
1990	วาสนา	สุขประเสริฐ	หญิง
1991	นิยม	บัวแย้ม	ชาย
1992	ประกายรัตน์	เหลืองวิไล	หญิง
1993	อาทิตยา	ไพบูลย์กุลกร	หญิง
1994	วีระพล	กิติภักดี	ชาย
1995	สมใจ	เผือกเอี่ยม	หญิง
1996	จิระพรรณ	เรืองเดช	หญิง
1997	ไฉไล	บุญสิงห์	หญิง
1998	นิตยา	สุริยันต์	หญิง
1999	ยุพิน	กลีบประทุม	หญิง
2000	อภิสรา	สว่างเนตร	หญิง
2001	สะอาด	ฮวบเจริญ	หญิง
2002	นรินทร์	บุญมา	ชาย
2003	รัตนาภรณ์	นิทัสนะศาสน์	หญิง
2004	นวลศิริ	นาควรรณ	หญิง
2005	นิตยา	ชุมพาลี	หญิง
2006	จำลอง	นิ่มสกุล	หญิง
2007	จรรยา	กิตติยายาม	หญิง
2008	ประจวบ	จันทร์เพ็ง	หญิง
2009	ภุมรี	สระคง	หญิง
2010	รจนา	กรสวัสดิ์	หญิง
2011	ประไพ	สุขจิตร	หญิง
2012	กัลยา	ม่วงอยู่	หญิง
2013	วารี	ตั้งเจริญอารีย์	หญิง
2014	ฉลอง	จูเปรียน	หญิง
2015	ประชุม	สุพระจันทร์	หญิง
2016	ชาญยุทธ	ปานคล้ำ	ชาย
2017	สมบุญ	แย้มหัตถา	ชาย
2018	กนกวรรณ	กลัดกลีบ	หญิง
2019	สมบูรณ์	ปานดำ	ชาย
2020	จันทนิภา	จีระมะกร	หญิง
2021	ศรศิลป์	อาบโกเศษฐ์	ชาย
2022	วีรชาติ	นุตรักษ์	ชาย
2023	อัญชลี	วงศ์กัลยา	หญิง
2024	มาลี	รวมสุก	หญิง
2025	ปราณี	เพ็ญสว่าง	หญิง
2026	อุไร	บัลลังก์โพธิ์	หญิง
2027	นุกูล	เกิดศิริ	หญิง
2028	ขนิษฐา	วรรณะ	หญิง
2029	นงลักษณ์	นวมศิริ	หญิง
2030	สมหมาย	น้อยกาญจนะ	หญิง
2031	รัสรินทร์	แก้วสุวรรณวิชญ์	หญิง
2032	สุภาพร	ตันประเสริฐ	หญิง
2033	ยุพิน	กลัดกลีบ	หญิง
2034	เสรี	สุขรุ่งเรืองชัย	-
2035	สุนัน	พวงมาลัย	หญิง
2036	ไพศาล	ครุฑวัฒนา	-
2037	มนูญ	เกิดลมูล	-
2038	รัชดาพร	ไชยยงค์	หญิง
2039	เพลิน	เกิดลมูล	หญิง
2040	เสนอ	เต็มวิจิตร์	ชาย
2041	สุรพล	อุดมสุข	ชาย
2042	ปิยาภรณ์	เกิดลมูล	หญิง
2043	ชาตรี	บุญชู	ชาย
2044	จริยา	ฐาปนสมบูรณ์	หญิง
2045	จำเนียร	หลำวรรณะ	หญิง
2046	พรพรรณ	อยู่ศิริ	หญิง
2047	อัญรัตน์	เรืองรักษ์	หญิง
2048	วรวลัญช์	พึ่งปาน	หญิง
2049	มาลัย	แผนนรินทร์	หญิง
2050	เฉลียว	เลิศสุวรรณ	หญิง
2051	สารภี	มณีฉาย	หญิง
2052	สม	แสงทองอร่าม	หญิง
2053	ขาว	วิทยาคม	หญิง
2054	ฌาญศักดิ์	สังขะกุล	ชาย
2055	ช่อผกา	ศรศรีชัยแสง	หญิง
2056	จำรัส	คงสระ	หญิง
2057	ฉัตรปวิณ	กลิ่นอบเชย	หญิง
2058	ปราณี	สีม่วง	หญิง
2059	อารีรัตน์	สรุปราษฎร์	หญิง
2060	สมพร	เทียนทอง	หญิง
2061	รัตนาภรณ์	วิทยาคม	หญิง
2062	กัลยา	แม้นเนตร	หญิง
2063	ประนอม	ฉิมเฉิด	หญิง
2064	ละออง	สระคง	-
2065	แดง	ฉิมเฉิด	ชาย
2066	ชินพันธ์	นันท์เกียรติโชค	ชาย
2067	แตงอ่อน	พวงเขียว	หญิง
2068	กัลยา	ทีวงศ์	หญิง
2069	สุกัญญา	แสงสว่าง	หญิง
2070	ศิริพันธ์	อิ่มอาบ	หญิง
2071	แดง	ไกรคำ	หญิง
2072	ปิยาภรณ์	แหวนเพ็ชร	หญิง
2073	อนงค์	กลิ่นจิ๋ว	-
2074	เยาวเรศ	ศรีสอาด	-
2075	สุชานันท์	พวงพงษ์	หญิง
2076	ศักดิ์ชัย	จันทร์ปราณี	ชาย
2077	อำนาจ	ประสพนุช	ชาย
2078	รัชดาภรณ์	ทรงศิลปชัย	หญิง
2079	อารีย์	ฉิมเฉิด	หญิง
2080	สุธินันท์	มุขโต	หญิง
2081	ภิญโญยิ่ง	พุฒพ่วง	หญิง
2082	ชุมพล	เวชการ	ชาย
2083	มานะ	เสียงเจริญ	ชาย
2084	นฤมล	เวชการ	หญิง
2085	วินัย	สุทธินิมิตร	ชาย
2086	ศรีรัตน์	จูพิบูลย์	หญิง
2087	พิศมัย	พันธ์ฉาว	หญิง
2088	ประสิทธิ์	ลอยมา	ชาย
2089	วาสนา	โสรัตยาธร	หญิง
2090	สนม	แก่นสำรวจ	หญิง
2091	ศรีสุรางค์	ทองคำ	หญิง
2092	สังเวียน	เรืองพยัคฆ์	ชาย
2093	กฤษณา	ขำศิริ	หญิง
2094	ประชุม	แย้มปิ๋ว	หญิง
2095	พรรณี	ทองคำ	หญิง
2096	ระพี	ช่วงแย้ม	หญิง
2097	ดาวเรือง	ระย้าย้อย	หญิง
2098	ประยงค์	กลิ่นแก้ว	ชาย
2099	อารีวรรณ	พันธเสน	หญิง
2100	ไพโรจน์	จันทรอัมพร	ชาย
2101	นฤมล	นันตสุคนธ์	หญิง
2102	บุหงา	แย้มโกมล	หญิง
2103	วันเพ็ญ	คูณสวัสดิ์	หญิง
2104	ยุพา	เวชการ	หญิง
2105	สำอาง	ทับทิมทอง	ชาย
2106	รุ่งรัตน์	พูนผล	หญิง
2107	ช้อง	ทับทิมทอง	หญิง
2108	สอาด	ม่วงบุญมี	หญิง
2109	วราภรณ์	หมีมงคล	หญิง
2110	สุคนธ์	รัตนสังข์	หญิง
2111	มัณฑนา	อู่เนียม	หญิง
2112	สุวรรณนา	จำปาทอง	หญิง
2113	สอย	แก้วสกุล	หญิง
2114	กาหลง	แผ่นสุวรรณ์	หญิง
2115	นงเยาว์	ปรีชาศิลป์	หญิง
2116	วันเพ็ญ	รัศมีโชติ	หญิง
2117	ชั้น	บุญประสิทธิ์	ชาย
2118	ประไพ	จักรกลัด	หญิง
2119	ธีระ	บุญประสิทธิ์	ชาย
2120	สุนทรา	เอกสินธ์	ชาย
2121	มาลัย	พุ่มสีทอง	หญิง
2122	เสาวลักษณ์	เมตประสงค์	หญิง
2123	ชูศักดิ์	เมตประสงค์	ชาย
2124	อรรณพ	จันทร์รอด	ชาย
2125	วาริน	น้อยเจริญ	หญิง
2126	น้ำเพชร	จันทร์รอด	หญิง
2127	วัฒนา	ด้วงนิ่ม	หญิง
2128	มนัส	บัวหลวง	ชาย
2129	จำรัส	ธาตุพุก	หญิง
2130	วารุณี	เดชดวง	หญิง
2131	วินัย	ขุนนุช	ชาย
2132	พล	เที่ยงธรรม	ชาย
2133	จันทร์รุ่ง	จันทร์รอด	หญิง
2134	มาลี	คงแผน	หญิง
2135	ปรานอม	จำเริญรักษ์	หญิง
2136	บุญชอบ	พ่วงสำราญ	ชาย
2137	เรวดี	หอมพิกุล	หญิง
2138	กัญจนา	พิมพาภักดิ์	หญิง
2139	เกษร	อรุณรักษา	หญิง
2140	ผ่องศรี	แสงมี	หญิง
2141	ชนม์ณภัทร	นันทศาล	หญิง
2142	ตวงพร	บรรเทาทุกข์	หญิง
2143	ทิพวรรณ์	ฉัตรธงชัย	หญิง
2144	นวลจันทร์	สีแสงเขียว	หญิง
2145	นิตยา	คงแผน	หญิง
2146	พยุง	อมศิริ	ชาย
2147	ดวงรัตน์	โพธิสิงห์	หญิง
2148	สุนีย์	คลังศิริ	หญิง
2149	สุภัคจิรา	พิกุลหอม	หญิง
2150	สุณี	อยู่สุข	หญิง
2151	เลื่อน	ขุนนุช	ชาย
2152	อุสา	ผิวผ่อง	หญิง
2153	วิจิตรา	ขุนนุช	หญิง
2154	เฉลียว	อมศิริ	หญิง
2155	กรองทิพย์	คงแคล้ว	หญิง
2156	สุรินทร์	กุลหอม	หญิง
2157	อารีย์	ผิวผ่อง	หญิง
2158	พเยาว์	พ่วงสำราญ	หญิง
2159	นิตยา	ขุนเจ๋ง	หญิง
2160	ธันยนันท์	อภิจิรวัฑฒ์	หญิง
2161	เพียรศักดิ์	อยู่ม่วง	ชาย
2162	ภัคธีมา	ทองสุข	หญิง
2163	ภัทรภร	สร้อยทอง	หญิง
2164	ณิชาภา	สร้อยทอง	หญิง
2165	ฐิชานพงศ์	สร้อยทอง	หญิง
2166	ศรัญญา	เพ็ชรรัตน์	หญิง
2167	ชูศรี	เพี้ยนวงค์	หญิง
2168	วรรณา	สร้อยทอง	หญิง
2169	อุษณีย์	เหลาซิต	หญิง
2170	นฤมล	ทองหลอม	หญิง
2171	ศรีนวล	ชัยยา	หญิง
2172	ธนพร	แจ่มจันทร์	หญิง
2173	ปฏิญญา	วิญญูพรรณ	หญิง
2174	ปิยะเรศ	จันทร์เพ็ง	หญิง
2175	อภิรัตน์	อมศิริ	ชาย
2176	นคร	พยนต์ยิ้ม	ชาย
2177	วรรณภา	พยนต์ยิ้ม	หญิง
2178	สายหยุด	เกิดสวัสดิ์	หญิง
2179	จำรอง	อ่อนอุระ	ชาย
2180	เดือน	ประทีปพิชัย	หญิง
2181	ขวัญฤทัย	หาญณรงค์	หญิง
2182	อนงค์รักษ์	พยัคเลิศ	หญิง
2183	กาญจนา	ฟักเขียว	หญิง
2184	ธนา	อ่วมศิริ	ชาย
2185	รัตนา	ผ่องจิตร	หญิง
2186	นฤมล	นิ่มนวล	หญิง
2187	วีระศักดิ์	แก้วอยู่	ชาย
2188	วสันต์	กายปักษ์	ชาย
2189	ณคร	เชิญเชื้อ	ชาย
2190	สุกัญญา	นามสอน	หญิง
2191	ภัทรา	เทียบขจิต	หญิง
2192	จารุวรรณ	ผ่องจิตร	หญิง
2193	จิตติมา	บัวหอม	หญิง
2194	โสภา	โพธิ์ทอง	หญิง
2195	ทองพูน	กล่อมเกลี้ยง	หญิง
2196	มาลี	แสงสุริยา	หญิง
2197	วรรณา	สนสำรวย	หญิง
2198	วราภรณ์	ปานสง่า	หญิง
2199	สมจิตร	ปานเอี่ยม	หญิง
2200	อัมพร	ลิ้มสมบัติอนันต์	หญิง
2201	สังเวียน	สังข์เย็น	หญิง
2202	สายพิน	ดีไสว	หญิง
2203	สมศักดิ์	แสงสุริยา	ชาย
2204	นันทนา	เปรมปรีด์	หญิง
2205	ทิพวัลย์	อมศิริ	หญิง
2206	สุกัญญา	เนียมประพันธ์	หญิง
2207	สุรินทร์	นุชเล็ก	ชาย
2208	มะลิ	บัวเพ็ง	หญิง
2209	จันทนา	มะกรูดอินทร์	หญิง
2210	ประเทือง	ตุ้มน้อย	ชาย
2211	แดง	พยนต์ศิริ	ชาย
2212	วัฒน์ธนัท	สิโรตม์ภควัต	ชาย
2213	แผว	พยนต์ศิริ	ชาย
2214	สุชาติ	กรสวัสดิ์	ชาย
2215	อนุชา	นิเกตุ	หญิง
2216	สุภัทรา	เต็มวิจิตร์	หญิง
2217	ชนาภา	สมมนัส	หญิง
2218	ประทีป	ตุ้มน้อย	ชาย
2219	จันทา	ลัดดาวัลย์	หญิง
2220	ปัญจะ	กล่อมเดช	ชาย
2221	เข็มทอง	หลำวรรณะ	หญิง
2222	นิภา	สุริยะ	หญิง
2223	ฉลาด	สุวรรณบัตร์	ชาย
2224	บุญส่ง	เดี่ยวรัตนวรา	ชาย
2225	โสพิศ	กลั่นกลิ่นหอม	หญิง
2226	นฤมล	สุวรรณบัติ	หญิง
2227	ปรุง	สังขะกุล	หญิง
2228	พเยาว์	หาดสมบัติ	หญิง
2229	พะเยาว์	ไชยบุตร	หญิง
2230	ราตรี	สุวรรณบัตร	หญิง
2231	เพลินพิศ	พงษ์สกุล	หญิง
2232	สุวคนธ์	ทองคำ	หญิง
2233	ชุมศรี	จูพิบูลย์	หญิง
2234	ไชยา	เทพโกษา	ชาย
2235	บังอร	อัสโม	หญิง
2236	สราลี	ม่วงน้อย	หญิง
2237	วันทนา	เจียมธนโชติ	หญิง
2238	เฉลา	โพธิบัลลังก์	หญิง
2239	พัชลี	พิทักษ์เกิด	หญิง
2240	สมลักษณ์	สงวนให้	หญิง
2241	รุ่งทิพย์	สงวนให้	ชาย
2242	รุ่งทิพย์	โตวัฒนา	ชาย
2243	สรัญญา	แสงทอง	หญิง
2244	มะลิวัลย์	ภุหิรัญ	หญิง
2245	มลิวัลย์	เอี่ยมละออ	หญิง
2246	สุรัตน์	ศิวะกุล	หญิง
2247	สุกัญญา	ท้วมศิริ	หญิง
2248	หนึ่งนุช	น้อยกาญจนะ	หญิง
2249	วารี	กล่อมเดช	หญิง
2250	จีระวรรณ	บานเย็น	หญิง
2251	ไพโรจน์	สว่างดาว	ชาย
\.


--
-- Data for Name: user_progression; Type: TABLE DATA; Schema: public; Owner: postgres
--

COPY public.user_progression (user_id, less_1_prog, less_2_prog, less_3_prog, less_4_prog, less_5_prog, less_6_prog, less_7_prog, less_8_prog, case_1_num, case_2_num, case_3_num, case_4_num, case_5_num, case_6_num, case_7_num, case_8_num, user_exp, user_level, exam1_prog, exam2_prog, exam3_prog) FROM stdin;
1	1	1	0	0	0	0	0	0	1	1	1	1	1	1	1	0	80	2	1	1	0
2	0	0	0	0	0	0	0	0	0	0	0	0	0	0	0	0	10.83	0	1	1	0
\.


--
-- Name: auth_users_id_seq; Type: SEQUENCE SET; Schema: public; Owner: postgres
--

SELECT pg_catalog.setval('public.auth_users_id_seq', 2, true);


--
-- Name: auth_users_user_id_seq; Type: SEQUENCE SET; Schema: public; Owner: postgres
--

SELECT pg_catalog.setval('public.auth_users_user_id_seq', 1, false);


--
-- Name: patient_patient_id_seq; Type: SEQUENCE SET; Schema: public; Owner: postgres
--

SELECT pg_catalog.setval('public.patient_patient_id_seq', 4, true);


--
-- Name: user_lists_id_seq; Type: SEQUENCE SET; Schema: public; Owner: postgres
--

SELECT pg_catalog.setval('public.user_lists_id_seq', 2251, true);


--
-- Name: user_lists_user_id_seq; Type: SEQUENCE SET; Schema: public; Owner: postgres
--

SELECT pg_catalog.setval('public.user_lists_user_id_seq', 1, false);


--
-- Name: auth_users auth_users_pkey; Type: CONSTRAINT; Schema: public; Owner: postgres
--

ALTER TABLE ONLY public.auth_users
    ADD CONSTRAINT auth_users_pkey PRIMARY KEY (id);


--
-- Name: patient patient_pkey; Type: CONSTRAINT; Schema: public; Owner: postgres
--

ALTER TABLE ONLY public.patient
    ADD CONSTRAINT patient_pkey PRIMARY KEY (patient_id);


--
-- Name: user_lists user_lists_pkey; Type: CONSTRAINT; Schema: public; Owner: postgres
--

ALTER TABLE ONLY public.user_lists
    ADD CONSTRAINT user_lists_pkey PRIMARY KEY (id);


--
-- Name: patient patient_user_id_fkey; Type: FK CONSTRAINT; Schema: public; Owner: postgres
--

ALTER TABLE ONLY public.patient
    ADD CONSTRAINT patient_user_id_fkey FOREIGN KEY (user_id) REFERENCES public.auth_users(id);


--
-- Name: user_exp_history user_exp_history_user_id_fkey; Type: FK CONSTRAINT; Schema: public; Owner: postgres
--

ALTER TABLE ONLY public.user_exp_history
    ADD CONSTRAINT user_exp_history_user_id_fkey FOREIGN KEY (user_id) REFERENCES public.auth_users(id);


--
-- Name: user_progression user_prgression_user_id_fkey; Type: FK CONSTRAINT; Schema: public; Owner: postgres
--

ALTER TABLE ONLY public.user_progression
    ADD CONSTRAINT user_prgression_user_id_fkey FOREIGN KEY (user_id) REFERENCES public.auth_users(id);


--
-- PostgreSQL database dump complete
--

--
-- PostgreSQL database cluster dump complete
--

